Site,Year,Month,date_yearmon,CHLa,logCHLa,AFDM,anomaly,Days_Since_Freshet,Q_peak_cfs,Q_baseflow_cfs,Q_obs_cfs,logQ_obs_cfs,TP_mg_L,logTP_mg_L,TN_mg_L,SRP_mg_L,NH4_mg_L,NO3_mg_L,DIN_mg_L,pH,Temp_oC,SPC,TDS,TURBIDITY
BM,2008,8,Aug 2008,62.85,1.7983052820219765,15.315,1.906488611540619,72,35500,5123.015938202797,3050,3.484299839346786,0.01866666666666666,1.2710667722865379,0.2,NA,0.03333333333333333,0.03233333333333332,0.06566666666666665,8.481666666666666,16.333333333333332,249.33333333333337,134.64999999999998,3.8966666666666665
BM,2008,9,Sep 2008,73.2,1.864511081058392,13.565,1.906488611540619,103,35500,5123.015938202797,3050,3.484299839346786,0.01616666666666666,1.2086204838826011,0.2,NA,0.02833333333333333,0.04416666666666666,0.07249999999999998,8.549166666666668,13.558333333333332,285.08333333333337,153.60833333333335,2.9891666666666667
BM,2009,8,Aug 2009,38,1.57978359661681,10.75,1.902901606620565,63,35300,5123.015938202797,2990,3.4756711883244296,0.01943999999999999,1.2886962605902554,0.2105,0.007435,0.00707333333333332,0.03279833333333333,0.03987166666666666,8.305,16.68333333333333,259.83333333333337,137.81666666666666,3.883333333333333
BM,2009,9,Sep 2009,360.7619047619048,2.5572206712612977,40.7,1.902901606620565,98,35300,5123.015938202797,2280,3.357934847000454,0.02352916666666666,1.371606546025273,0.23804166666666665,0.008719,0.011569,0.043121,0.05469,8.346666666666668,16.4,292.16666666666663,154.86666666666667,2.8266666666666667
BM,2010,8,Aug 2010,66.4047619047619,1.8221992238681493,20.526315789473685,1.652071189612471,56,23100,5123.015938202797,2710,3.432969290874406,0.01961666666666666,1.292625212459791,0.21,0.00758333333333333,0.00924999999999998,0.03478333333333333,0.04403333333333333,7.893333333333333,18.133333333333333,256.1666666666667,136.23333333333332,3.126666666666667
BM,2010,9,Sep 2010,138.82857142857142,2.1424788547127305,31.95,1.652071189612471,96,23100,5123.015938202797,2690,3.429752280002408,0.01965833333333333,1.2935466948379706,0.248875,0.00654166666666666,0.02092916666666666,0.05285833333333333,0.0737875,8.115,15.750000000000002,290.33333333333337,154.3,3.3983333333333334
BM,2011,8,Aug 2011,44.285714285714285,1.646263653820016,13.095238095238097,2.0874691691354004,55,46600,5123.015938202797,5730,3.75815462196739,0.02725,1.4353665066126613,0.17866666666666667,0.01136666666666666,0.01811666666666666,0.02661666666666666,0.04473333333333332,8.348333333333333,15.3,221.28333333333333,143.86666666666667,4.933333333333334
BM,2011,9,Sep 2011,39.333333333333336,1.5947607525864629,8.428571428571429,2.0874691691354004,88,46600,5123.015938202797,2800,3.4471580313422194,0.01698333333333333,1.2300229336227826,0.18666666666666665,0.00853333333333333,0.01588333333333333,0.04018333333333333,0.05606666666666665,8.395833333333332,14.225,257.9083333333333,167.61666666666667,2.09
BM,2012,8,Aug 2012,32.76190476190476,1.515369143501592,12.047619047619047,1.8737057862642108,96,33700,5123.015938202797,2430,3.385606273598312,0.016695,1.2225864233903896,0.23093333333333332,0.00588999999999999,0.01567,0.02842999999999999,0.0441,8.256666666666668,17.05,238.81666666666663,155.11666666666667,2.2083333333333335
BM,2012,9,Sep 2012,161.38095238095238,2.207852274103459,27.80952380952381,1.8737057862642108,128,33700,5123.015938202797,1790,3.2528530309798933,0.01399333333333333,1.145921179526719,0.207045,0.00351666666666666,0.0086125,0.03873666666666667,0.04734916666666667,8.27,14.291666666666666,250.775,162.925,2.200833333333333
BM,2013,8,Aug 2013,22.80952380952381,1.358116218680644,8.047619047619047,1.7096403244446603,78,25600,5123.015938202797,1590,3.2013971243204513,0.01297249999999999,1.1130236793669646,0.2439725,0.0035125,0.0136725,0.02704999999999999,0.04072249999999999,8.3525,18.174999999999997,258.95,168.325,2.49
BM,2013,9,Sep 2013,81.42857142857143,1.9107768156582343,14.476190476190476,1.7096403244446603,110,25600,5123.015938202797,1280,3.1072099696478683,0.01537749999999999,1.1868857356957851,0.2493858333333333,0.00555083333333332,0.01359416666666666,0.0367375,0.05033166666666666,8.3875,16.325,282.1,183.275,2.7125
BM,2014,7,Jul 2014,44.1578947368421,1.6450083598758714,14.636842105263158,1.8681292479684624,66,33400,5123.015938202797,3260,3.513217600067939,0.02025,1.3064250275506875,0.14500000000000002,0.00825,NA,0.0093,NA,8.129999999999999,16.950000000000003,228.75,148.85,3.79
BM,2014,9,Sep 2014,123.66666666666669,2.0922526548953835,19.53809523809524,1.8681292479684624,98,33400,5123.015938202797,2880,3.459392487759231,0.0168,1.2253092817258628,0.19,0.00687499999999999,0.0118,0.02439999999999999,0.03619999999999999,8.127500000000001,15.375,308.925,200.675,2.335
BM,2015,7,Jul 2015,228.125,2.35817288180055,64.375,1.4369421813136871,31,15200,5123.015938202797,2520,3.401400540781544,0.0132,1.1205739312058498,0.2065,0.0023,0.0075,0.01145,0.01895,8.395,18.9,222.05,144.3,1.465
BM,2015,8,Aug 2015,100.23809523809524,2.001032805437768,24.761904761904763,1.4369421813136871,61,15200,5123.015938202797,1810,3.2576785748691846,0.016225,1.2101847054724069,0.217,0.00219999999999999,0.0098,0.0165,0.0263,8.37,17.6,251.775,163.625,2.1825
BM,2015,9,Sep 2015,76.33333333333333,1.8827142276202256,16.333333333333332,1.4369421813136871,96,15200,5123.015938202797,1820,3.2600713879850747,0.01995,1.299942900022767,0.23925,0.00245,0.01155,0.0211,0.03265,8.39,14.9,291.175,189.275,3.83
BM,2016,7,Jul 2016,373.08947368421053,2.5718129960648124,92.34157894736842,1.4856888302354885,55,16800,5123.015938202797,3190,3.503790683057181,0.01385,1.1414497734004674,0.1635,0.00166666666666666,0.00789999999999999,0.0113,0.01919999999999998,8.34,16.75,244.85,159.25,1.63
BM,2016,7,Jul 2016,143.85714285714286,2.157931430539361,50.22380952380952,1.4856888302354885,76,16800,5123.015938202797,2080,3.3180633349627615,0.01385,1.1414497734004674,0.1635,0.00166666666666666,0.00789999999999999,0.0113,0.01919999999999998,8.34,16.75,244.85,159.25,1.63
BM,2016,9,Sep 2016,285.76190476190476,2.4560043320321774,51.023809523809526,1.4856888302354885,116,16800,5123.015938202797,1340,3.1271047983648077,0.022525,1.3526647996511005,0.23925,0.00204999999999999,0.01292499999999999,0.0315,0.044425,8.2925,13.425,275.92499999999995,179.375,5.965
BM,2017,7,Jul 2017,13.504761904761905,1.1304869317771096,5.071428571428571,1.7862917049163738,20,29200,5123.015938202797,6660,3.823474229170301,0.01593333333333333,1.2023066418924564,0.15366666666666667,0.00426666666666666,0.010675,0.01076666666666666,0.02144166666666666,8.085,17.5,249.05,161.8,2.2649999999999997
BM,2017,8,Aug 2017,24.99047619047619,1.3977745316336847,6.585714285714285,1.7862917049163738,52,29200,5123.015938202797,2030,3.307496037913213,0.01576666666666666,1.197739886018149,0.17483333333333334,0.00408333333333332,0.0116125,0.02128333333333332,0.03289583333333332,8.135000000000002,17,261.025,169.625,2.025
BM,2017,9,Sep 2017,175.83809523809524,2.245112970620447,47.01904761904762,1.7862917049163738,79,29200,5123.015938202797,1620,3.2095150145426308,0.01627499999999999,1.2115209972402294,0.21225,0.00399999999999999,0.010825,0.02994999999999999,0.04077499999999999,8.1375,14.325,288.1,187.225,2.435
BM,2018,8,Aug 2018,42.51052631578948,1.6284964819284995,11.463157894736842,2.154011832516928,86,51200,5123.015938202797,3070,3.4871383754771865,0.02092499999999999,1.3206654666652975,0.18025,0.006775,0.03095,0.021475,0.052425,8.252500000000001,16.75,269.275,175,2.755
BM,2018,9,Sep 2018,148.36190476190475,2.171322400433563,23.266666666666666,2.154011832516928,122,51200,5123.015938202797,2390,3.3783979009481375,0.01595833333333333,1.2029875322570167,0.20091666666666663,0.00355833333333333,0.02048333333333333,0.03344166666666666,0.05392499999999999,8.2875,14.975,298.125,193.725,2.1
BM,2019,8,Aug 2019,44.315,1.6465507536403412,15.06725,1.8792493268091048,77,34000,5123.015938202797,2500,3.3979400086720375,0.02366666666666666,1.3741370939994126,0.15333333333333332,0.02158333333333333,0.025,0.03208333333333332,0.05708333333333332,8.584999999999999,17.424999999999997,285.525,185.74,3.6425
BM,2019,9,Sep 2019,253.4,2.4038066105474227,58.55,1.8792493268091048,108,34000,5123.015938202797,1900,3.278753600952829,0.02999999999999999,1.4771212547196624,0.18,0.015,0.0225,0.039,0.0615,8.479999999999999,16.075,311.35,202.725,6.2975
BM,2020,8,Aug 2020,55.135714285714286,1.741433005251771,17.420952380952382,1.9381811922088912,74,37300,5123.015938202797,3230,3.509202522331103,0.01824999999999999,1.2612628687924932,0.14250000000000002,0.0045,NA,0.017,NA,8.26,17.9,269.32500000000005,NA,3.3925
BM,2020,9,Sep 2020,116.38571428571429,2.065899676296386,24.883333333333333,1.9381811922088912,103,37300,5123.015938202797,2350,3.3710678622717363,0.01591666666666666,1.2018521212001025,0.15583333333333335,0.005,0.02,0.025,0.045,8.1525,15.65,291.85,NA,2.9875
BM,2021,7,Jul 2021,57.333333333333336,1.7584071921878863,16.38095238095238,1.7656629353470887,39,28200,5123.015938202797,2930,3.4668676203541096,0.015,1.1760912590556813,0.13,0.001,0.02,0.02,0.04,8.440000000000001,17.6,262.35,NA,2.045
BM,2021,8,Aug 2021,59.19047619047619,1.7722518339077256,14.047619047619047,1.7656629353470887,58,28200,5123.015938202797,2130,3.3283796034387376,0.01099999999999999,1.0413926851582247,0.14500000000000002,0.001,0.02,0.0175,0.0375,8.387500000000001,17,280.52500000000003,NA,3.2675
BM,2022,7,Jul 2022,41.683414285714285,1.6199632847808023,15.285714285714286,1.776037221203722,37,28700,5123.015938202797,4510,3.6541765418779604,0.019,1.2787536009528289,0.14,0.004,NA,0.01,NA,7.99,17.4,237.6,NA,6.14
BM,2022,7,Jul 2022,66.0385,1.8197972001279876,18.142857142857142,1.776037221203722,47,28700,5123.015938202797,2820,3.450249108319361,0.019,1.2787536009528289,0.14,0.004,NA,0.01,NA,7.99,17.4,237.6,NA,6.14
BM,2022,9,Sep 2022,116.16406190476192,2.065071789581757,21.047619047619047,1.776037221203722,81,28700,5123.015938202797,1810,3.2576785748691846,0.02308333333333333,1.3632985230168237,0.2025,0.01,0.02,0.033,0.053,8.324166666666667,17.725,289.975,NA,3.230833333333333
BM,2023,7,Jul 2023,46.322857142857146,1.6657953383512714,17.728,1.7656629353470887,72,28200,5123.015938202797,3190,3.503790683057181,0.01375,1.1383026981662814,0.1825,0.004,NA,0.025,NA,8.446666666666667,18.166666666666668,277.1666666666667,NA,NA
BM,2023,7,Jul 2023,30.43285714285714,1.4833427273541508,8.468571428571428,1.7656629353470887,86,28200,5123.015938202797,2130,3.3283796034387376,0.01375,1.1383026981662814,0.1825,0.004,NA,0.025,NA,8.446666666666667,18.166666666666668,277.1666666666667,NA,NA
BM,2023,9,Sep 2023,111.30809523809523,2.046526750941945,21.763809523809524,1.7656629353470887,118,28200,5123.015938202797,2220,3.346352974450639,0.00999999999999999,0.9999999999999996,0.15000000000000002,0.002,0.05,0.0225,0.07250000000000001,8.55,16.05,313.5,NA,NA
BM,2025,7,Jul 2025,142.71632336655597,2.154473648956207,59.10852713178291,1.449437957923796,52,15600,5123.015938202797,2800,3.4471580313422194,0.019,1.2787536009528289,0.18,0.002,0.02,0.044,0.064,8.379999999999999,NA,267.65,NA,NA
BM,2025,7,Jul 2025,32.2584826873385,1.5086439360221482,10.426356589147291,1.449437957923796,77,15600,5123.015938202797,1350,3.130333768495006,0.019,1.2787536009528289,0.18,0.002,0.02,0.044,0.064,8.379999999999999,NA,267.65,NA,NA
BM,2025,8,Aug 2025,97.25666666666666,1.9879193806641888,25.23696264975336,1.449437957923796,91,15600,5123.015938202797,1580,3.1986570869544226,0.01725,1.236789099409293,0.18,0.002,0.02,0.052,0.072,8.44,NA,278.79999999999995,NA,NA
BM,2025,9,Sep 2025,80.9551782945736,1.9082446336061547,22.24806201550388,1.449437957923796,120,15600,5123.015938202797,1120,3.0492180226701815,0.0125,1.0969100130080565,0.1875,NA,NA,0.07525,NA,8.465,NA,296.7,NA,NA
BN,2008,8,Aug 2008,112.75,2.0521165505499983,103.72,1.6371406053247204,56,3100,706.4863138329094,380,2.57978359661681,0.0315,1.4983105537896004,0.21666666666666667,NA,0.02,0.00583333333333332,0.02583333333333333,8.59,17.733333333333334,439.33333333333337,233.35,3.835
BN,2008,9,Sep 2008,259.4736842105263,2.414093318324401,61.085,1.6371406053247204,87,3100,706.4863138329094,658,2.8182258936139557,0.0265,1.423245873936808,0.2,NA,0.01,0.00616666666666666,0.01616666666666666,8.643333333333334,14.908333333333331,480.5,255.08333333333337,4.364166666666667
BN,2009,8,Aug 2009,144.85714285714286,2.1609399149830604,111.7,1.7365981085822977,67,3700,706.4863138329094,722,2.858537197569639,0.04470208333333334,1.6503277638273892,0.268125,0.01567166666666666,0.00852333333333332,0.00616125,0.01468458333333332,8.318333333333335,18.516666666666666,399,211.96666666666664,7.168333333333333
BN,2009,9,Sep 2009,225.6190476190476,2.353375761652827,56.35,1.7365981085822977,103,3700,706.4863138329094,412,2.6148972160331345,0.03021833333333333,1.4802705075179936,0.2535,0.01065999999999999,0.00932666666666666,0.00850666666666666,0.01783333333333332,8.416666666666668,17.833333333333332,451.5,239.83333333333331,4.641666666666667
BN,2010,8,Aug 2010,61.98947368421053,1.792317949030821,68.6842105263158,1.801421877956922,44,4130,706.4863138329094,563,2.7505083948513462,0.0414,1.6170003411208989,0.22945833333333332,0.02139999999999999,0.00862499999999999,0.00577083333333333,0.01439583333333333,7.976666666666667,19.1,399.5,212.0666666666667,3.798333333333334
BN,2010,9,Sep 2010,138.35714285714286,2.141001585040873,82.45,1.801421877956922,84,4130,706.4863138329094,819,2.9132839017604186,0.03275,1.515211304327802,0.22583333333333333,0.0162,0.00682499999999999,0.00343333333333333,0.01025833333333333,8.14,17.016666666666666,445.83333333333337,238.16666666666669,3.2283333333333335
BN,2011,8,Aug 2011,34.875,1.542514216281654,16.444444444444443,2.220985564802777,52,7740,706.4863138329094,923,2.965201701025912,0.05406666666666666,1.7329295951554746,0.2308333333333333,0.02418333333333333,0.00921666666666666,0.01155,0.02076666666666666,8.308333333333334,16.9,336.41666666666663,218.71666666666664,7.581666666666667
BN,2011,9,Sep 2011,69.55555555555556,1.8423318237711048,17.2,2.220985564802777,85,7740,706.4863138329094,550,2.7403626894942437,0.040475,1.6071868574254113,0.20891666666666664,0.02135,0.00715,0.00439166666666666,0.01154166666666666,8.393333333333334,15.075,399.8666666666667,259.9583333333333,3.293333333333334
BN,2012,7,Jul 2012,216.1428571428571,2.33474088800893,122.76190476190476,1.4558531825714345,94,2180,706.4863138329094,346,2.5390760987927767,0.02732999999999999,1.4366396316926606,0.26558333333333334,0.01365666666666666,0.00889833333333333,0.00289833333333333,0.01179666666666666,8.395,16.883333333333333,361.525,235.0583333333333,3.64
BN,2012,9,Sep 2012,167.85,2.2249213455840313,71.28571428571429,1.4558531825714345,126,2180,706.4863138329094,266,2.424881636631067,0.01737583333333333,1.2399456422342137,0.2504575,0.00416833333333332,0.00976,0.00575999999999999,0.01551999999999999,8.270833333333334,15.225,464.475,302.03333333333336,2.5700000000000003
BN,2013,6,Jun 2013,99,1.99563519459755,78.0952380952381,1.1519669008838105,28,1080,706.4863138329094,564,2.751279103983342,0.01542,1.1880843737149382,0.31027333333333335,0.00556,0.01807666666666666,0.011175,0.02925166666666666,8.3,19,446.4,289.9,2.075
BN,2013,8,Aug 2013,111.95238095238096,2.0490333343910203,60.61904761904762,1.1519669008838105,65,1080,706.4863138329094,216,2.3344537511509307,0.0147475,1.1687184048411852,0.2619841666666667,0.006095,0.01419083333333333,0.00676749999999999,0.02095833333333333,8.307500000000001,18.275,476.95,309.9,2.265
BN,2013,9,Sep 2013,119.61904761904762,2.077800340331239,63.476190476190474,1.1519669008838105,93,1080,706.4863138329094,225,2.3521825181113627,0.02142,1.3308194664958368,0.22493,0.00682,0.0108,0.0017925,0.0125925,8.297500000000001,16.65,513.75,333.95,4.8425
BN,2014,8,Aug 2014,157.8181818181818,2.198157035682248,128.78636363636363,1.5478629776732984,145,2620,706.4863138329094,347,2.5403294747908736,0.03986666666666666,1.6006099249327295,0.2384166666666667,0.02030833333333333,0.01765,0.00455833333333333,0.02220833333333333,8.2075,18.525,463.375,301.275,4.925
BN,2014,8,Aug 2014,99.57142857142856,1.9981347380837524,27.247619047619047,1.5478629776732984,173,2620,706.4863138329094,597,2.775974331129369,0.03986666666666666,1.6006099249327295,0.2384166666666667,0.02030833333333333,0.01765,0.00455833333333333,0.02220833333333333,8.2075,18.525,463.375,301.275,4.925
BN,2015,7,Jul 2015,68.9047619047619,1.8382492363851184,97.76190476190476,1.285274334759439,28,1500,706.4863138329094,419,2.622214022966295,0.01,1,0.24533333333333335,0.00245,0.00755,0.00233333333333333,0.00988333333333333,8.239999999999998,19.15,395,256.75,1.245
BN,2015,8,Aug 2015,179.15,2.2532168125021292,151.9,1.285274334759439,59,1500,706.4863138329094,280,2.4471580313422194,0.01557499999999999,1.192428055331207,0.25316666666666665,0.002175,0.01035,0.00259166666666666,0.01294166666666666,8.2275,17.7,449.625,292.175,2.705
BN,2015,9,Sep 2015,57.04761904761905,1.7562375233193734,26.52380952380953,1.285274334759439,96,1500,706.4863138329094,273,2.436162647040756,0.02907499999999999,1.4635197234004858,0.30725,0.003475,0.01377499999999999,0.002275,0.01605,8.285,14.625,492,319.65,5.720000000000001
BN,2016,7,Jul 2016,181.1818181818182,2.2581146135422627,221.86045454545456,1.23476021955334,38,1330,706.4863138329094,336,2.526339277389844,0.00879999999999999,0.9444826721501681,0.21166666666666667,0.00123333333333333,0.00803333333333333,0.00163333333333333,0.00966666666666666,8.135,17.3,465.15,302.3,0.94
BN,2016,7,Jul 2016,191.46666666666667,2.2820931765145813,115.64666666666666,1.23476021955334,63,1330,706.4863138329094,233,2.367355921026019,0.00879999999999999,0.9444826721501681,0.21166666666666667,0.00123333333333333,0.00803333333333333,0.00163333333333333,0.00966666666666666,8.135,17.3,465.15,302.3,0.94
BN,2016,9,Sep 2016,96.27272727272728,1.98350327494926,60.10454545454545,1.23476021955334,99,1330,706.4863138329094,176,2.24551266781415,0.0621,1.7930916001765802,0.41475000000000006,0.006725,0.02987499999999999,0.017025,0.0469,8.41,14.5,493.625,320.92499999999995,21.83
BN,2017,7,Jul 2017,21.735294117647054,1.3371655213525706,24.08235294117647,1.937699625459073,21,5140,706.4863138329094,600,2.7781512503836434,0.03304999999999999,1.519171463821659,0.225,0.01265,0.01745,0.00469999999999999,0.02214999999999999,8.260000000000002,19.85,445.25,289.55,2.985
BN,2017,8,Aug 2017,25.86190476190476,1.4126605080587082,16.042857142857144,1.937699625459073,49,5140,706.4863138329094,225,2.3521825181113627,0.02387499999999999,1.3779433802557837,0.24874999999999997,0.0073,0.01632499999999999,0.00582499999999999,0.02214999999999999,8.2825,18.85,476.35,309.70000000000005,2.3125
BN,2017,9,Sep 2017,58.45238095238096,1.7668022060610868,31.16190476190476,1.937699625459073,81,5140,706.4863138329094,213,2.3283796034387376,0.02374999999999999,1.375663613960885,0.3035,0.00435,0.01329999999999999,0.00895,0.02224999999999999,8.265,15.375,506.875,329.52500000000003,3.4575
BN,2018,8,Aug 2018,24.37142857142857,1.3868809868172474,27.97142857142857,2.0254030022684777,44,5870,706.4863138329094,520,2.716003343634799,0.03989166666666666,1.6008821814343237,0.22866666666666668,0.01466666666666666,0.01215,0.0051125,0.0172625,8.3,19.225,409.05000000000007,266,3.8775
BN,2018,9,Sep 2018,65.22857142857143,1.8144378671399597,14.676190476190476,2.0254030022684777,75,5870,706.4863138329094,536,2.72916478969277,0.02775,1.443262987458695,0.22800000000000004,0.00712499999999999,0.02087499999999999,0.0045,0.02537499999999999,8.42,16.55,453.65,295.1,2.4
BN,2019,7,Jul 2019,77.55578947368421,1.8896142230732256,123.4242105263158,1.7271598890235889,97,3640,706.4863138329094,915,2.9614210940664485,0.0445,1.6483600109809315,0.185,0.039,0.01365,0.005,0.01865,8.58,18.65,423.5,275.275,4.51
BN,2019,7,Jul 2019,63.46923076923077,1.802563234808319,35.377538461538464,1.7271598890235889,114,3640,706.4863138329094,441,2.6444385894678386,0.0445,1.6483600109809315,0.185,0.039,0.01365,0.005,0.01865,8.58,18.65,423.5,275.275,4.51
BN,2019,8,Aug 2019,117.65,2.07059193151204,55.81333333333333,1.7271598890235889,144,3640,706.4863138329094,383,2.583198773968623,0.03608333333333333,1.5573066503057404,0.1875,0.03283333333333333,0.021825,0.004,0.025825,8.605,19.7,417.75,270.5625,4.06
BN,2020,7,Jul 2020,55.5865,1.744969329578406,77.21176470588236,1.731891857571816,63,3670,706.4863138329094,1070,3.0293837776852097,0.027,1.4313637641589874,0.15,0.009,NA,NA,NA,8.195,19.5,378.8,NA,5.015000000000001
BN,2020,8,Aug 2020,69.39333333333333,1.8413177494805295,27.51904761904762,1.731891857571816,75,3670,706.4863138329094,558,2.7466341989375787,0.02225,1.3473300153169503,0.1775,0.00875,NA,NA,NA,8.2975,19.525,429.975,NA,4.015000000000001
BN,2020,9,Sep 2020,144.49333333333334,2.159847809976048,29.92238095238095,1.731891857571816,102,3670,706.4863138329094,510,2.7075701760979363,0.02124999999999999,1.3273589343863301,0.19,0.00975,0.02,NA,NA,8.315000000000001,16.5,480.2999999999999,NA,4.1375
BN,2021,7,Jul 2021,186.27272727272728,2.27014927324297,137.13636363636363,1.3267631386785792,47,1650,706.4863138329094,331,2.519827993775719,0.0175,1.2430380486862944,0.23,0.005,0.03,0.005,0.03499999999999999,8.670000000000002,21.65,548.7,NA,2.6100000000000003
BN,2021,8,Aug 2021,185,2.2671717284030137,96.42857142857144,1.3267631386785792,68,1650,706.4863138329094,270,2.4313637641589874,0.01825,1.2612628687924936,0.215,0.005,0.025,0.005,0.03,8.662500000000001,20.775,531.075,NA,3.6025
BN,2021,9,Sep 2021,185.76190476190476,2.268956655577872,66.61904761904762,1.3267631386785792,97,1650,706.4863138329094,357,2.552668216112193,0.01925,1.2844307338445196,0.19,8e-4,0.02,NA,NA,8.5525,15.925,520.925,NA,4.6274999999999995
BN,2022,7,Jul 2022,66.88216666666666,1.825310333751172,62.61904761904762,1.453623694883123,32,2170,706.4863138329094,716,2.8549130223078554,0.06,1.7781512503836436,0.21,0.0225,NA,0.021,NA,8.395,22.05,441,NA,8.14
BN,2022,8,Aug 2022,145.04828095238096,2.161512586104425,39.714285714285715,1.453623694883123,51,2170,706.4863138329094,268,2.428134794028789,0.03966666666666666,1.5984257066728682,0.19333333333333333,0.01308333333333332,0.01333333333333333,0.013,0.02633333333333333,8.435,22.225,480.45,NA,6.265000000000001
BN,2022,9,Sep 2022,87.89594761904762,1.9439688526931616,43.23809523809524,1.453623694883123,80,2170,706.4863138329094,211,2.3242824552976926,0.01791666666666666,1.2532572138679803,0.19833333333333336,0.00255833333333333,0.01333333333333333,0.005,0.01833333333333333,8.435,19.475,525.9000000000001,NA,4.21
BN,2023,7,Jul 2023,51.19285714285714,1.7092093687913024,43.23952380952381,1.5918923742735187,38,2850,706.4863138329094,624,2.795184589682424,0.0325,1.5118833609788744,0.2,0.01049999999999999,NA,NA,NA,8.5,20.15,424.25,NA,NA
BN,2023,8,Aug 2023,97.45380952380953,1.988798820599171,27.597619047619048,1.5918923742735187,52,2850,706.4863138329094,390,2.591064607026499,0.02875,1.4586378490256493,0.22,0.00749999999999999,NA,NA,NA,8.55,20.75,455.125,NA,NA
BN,2023,9,Sep 2023,107.83,2.0327396052094935,35.794285714285714,1.5918923742735187,84,2850,706.4863138329094,375,2.574031267727719,0.02299999999999999,1.3617278360175926,0.2275,0.00349999999999999,0.04,NA,NA,8.64,19.25,496,NA,NA
BN,2025,7,Jul 2025,129.38508527131788,2.111884216381459,53.12015503875968,1.1555114367625732,67,1090,706.4863138329094,224,2.3502480183341627,0.0158,1.1986570869544226,0.2,0.0015,NA,0.0055,NA,8.74,NA,462.7,NA,NA
BN,2025,8,Aug 2025,152.53575193798446,2.1833716472868505,67.24806201550386,1.1555114367625732,87,1090,706.4863138329094,217,2.3364597338485296,0.01673333333333333,1.2235824624253568,0.18666666666666668,0.0015,NA,0.00575,NA,8.7025,NA,477.5,NA,NA
BN,2025,9,Sep 2025,126.61544186046508,2.1024866749216744,56.02713178294572,1.1555114367625732,114,1090,706.4863138329094,191,2.2810333672477277,0.01433333333333333,1.156347200859924,0.37666666666666665,NA,NA,0.006,NA,8.5575,NA,494.35,NA,NA
DL,2008,8,Aug 2008,172.07142857142858,2.2357087643201052,79.77142857142857,1.5605348338304328,57,957,251.82076320939333,80.2,1.9041743682841634,0.033375,1.5234212743726316,0.2541666666666667,NA,0.015,0.043625,0.058625,8.743333333333332,17.733333333333334,390.8333333333333,207.34999999999997,3.205
DL,2008,9,Sep 2008,200.85,2.3028718360676903,45.145,1.5605348338304328,88,957,251.82076320939333,215,2.3324384599156054,0.02175,1.3374592612906562,0.2416666666666667,NA,0.01,0.05849999999999999,0.06849999999999999,8.919166666666666,13.966666666666669,460.66666666666663,246.83333333333331,2.865
DL,2009,8,Aug 2009,181.04761904761904,2.257792817795505,51.1,1.6542625515679994,61,1140,251.82076320939333,204,2.3096301674258988,0.03703041666666666,1.568558598763352,0.326125,0.013759,0.009068,0.06030366666666666,0.06937166666666666,8.606666666666667,18.78333333333333,361,182.58333333333331,4.623333333333333
DL,2009,9,Sep 2009,502.9047619047619,2.701485747888118,91.8,1.6542625515679994,97,1140,251.82076320939333,148,2.1702617153949575,0.02374666666666666,1.3756026560715433,0.3123333333333333,0.009,0.01073833333333332,0.06339499999999999,0.07413333333333333,8.635000000000002,18.583333333333336,421.83333333333337,224,2.8933333333333335
DL,2010,8,Aug 2010,54.86842105263158,1.7393224626929662,39.375,1.8005641530238383,45,1470,251.82076320939333,188,2.27415784926368,0.06181666666666667,1.7911055829449665,0.29991666666666666,0.02764583333333333,0.0093,0.04073749999999999,0.0500375,8.353333333333335,19.28333333333333,337,179.05,5.79
DL,2010,9,Sep 2010,155.67,2.1922049254145897,46,1.8005641530238383,85,1470,251.82076320939333,383,2.583198773968623,0.05831666666666667,1.7657926920992628,0.3211666666666667,0.02691666666666666,0.00778333333333333,0.05866666666666667,0.06645000000000001,8.458333333333334,17.4,400.33333333333337,212.6833333333333,5.613333333333333
DL,2011,8,Aug 2011,66.19047619047619,1.820795505520176,16.238095238095237,1.9817772800840956,48,1960,251.82076320939333,347,2.5403294747908736,0.05665,1.7531999141994161,0.293875,0.02646666666666666,0.01494166666666666,0.06774583333333332,0.0826875,8.274999999999999,15.75,281.1166666666667,182.86666666666667,7.693333333333333
DL,2011,9,Sep 2011,44.76470588235294,1.6509357353922989,11.11111111111111,1.9817772800840956,81,1960,251.82076320939333,208,2.3180633349627615,0.039675,1.5985169354268858,0.31775,0.02141666666666666,0.01296666666666666,0.10185833333333331,0.114825,8.395833333333332,13.958333333333332,346.275,225.25833333333333,3.4658333333333333
DL,2012,7,Jul 2012,110.0952380952381,2.041768535014572,50.04761904761905,1.4583211218226169,55,781,251.82076320939333,95,1.9777236052888478,0.03853375,1.5858412754303093,0.3069925,0.01386249999999999,0.01643874999999999,0.04661,0.06304874999999999,8.433333333333334,16.533333333333335,297.0916666666667,193.075,3.791666666666667
DL,2012,9,Sep 2012,180.71428571428572,2.25699248549758,58.333333333333336,1.4583211218226169,87,781,251.82076320939333,97.9,1.990782691803138,0.01992583333333333,1.299416493405678,0.3821791666666666,0.00585583333333333,0.00809166666666666,0.09786666666666666,0.10595833333333332,8.434999999999999,14.425,408.7416666666667,265.7833333333333,2.1083333333333334
DL,2013,6,Jun 2013,244.9,2.388988785124714,71.35,1.1149223727316644,29,349,251.82076320939333,185,2.2671717284030137,0.028665,1.457351946110694,0.34142,0.01218,0.015905,0.067495,0.0834,8.425,19.1,449.7999999999999,292.5,2.4299999999999997
DL,2013,8,Aug 2013,331.44827586206895,2.5204157642329066,110.57142857142856,1.1149223727316644,66,349,251.82076320939333,85.3,1.930949031167523,0.02390083333333333,1.3784130434485107,0.42216833333333337,0.01038666666666666,0.01711083333333333,0.12304083333333334,0.14015166666666667,8.34,18.05,475.025,308.9,2.6174999999999997
DL,2013,9,Sep 2013,168.1153846153846,2.2256074585188346,80.96153846153847,1.1149223727316644,94,349,251.82076320939333,72.1,1.857935264719429,0.01996083333333333,1.3001786684400054,0.47741083333333334,0.00863416666666666,0.01668083333333333,0.18870833333333337,0.20538916666666668,8.2425,15.95,498.6,324.17499999999995,3.4299999999999997
DL,2014,8,Aug 2014,280.125,2.447351869543118,95.16666666666669,1.4329869126692227,36,741,251.82076320939333,124,2.093421685162235,0.0324,1.510545010206612,0.32899999999999996,0.01357499999999999,0.012625,0.056175,0.0688,8.3025,18.175,378.8250000000001,246.37500000000003,4.3375
DL,2014,8,Aug 2014,162.14285714285714,2.209897821514885,30.80952380952381,1.4329869126692227,64,741,251.82076320939333,267,2.4265112613645754,0.0324,1.510545010206612,0.32899999999999996,0.01357499999999999,0.012625,0.056175,0.0688,8.3025,18.175,378.8250000000001,246.37500000000003,4.3375
DL,2015,7,Jul 2015,188.9047619047619,2.276242905740231,74.19047619047619,1.3560926724647206,28,628,251.82076320939333,134,2.1271047983648077,0.0197,1.294466226161593,0.3285,0.0042,0.01084999999999999,0.0503,0.06114999999999999,8.305,17.8,354.05,230.1,2.565
DL,2015,8,Aug 2015,235.28571428571428,2.3715955591554976,103.14285714285714,1.3560926724647206,59,628,251.82076320939333,89,1.9493900066449128,0.016125,1.2074997233073055,0.36725,0.003275,0.01025833333333332,0.10496666666666668,0.115225,8.309999999999999,16.125,409.425,266.175,1.9475
DL,2015,9,Sep 2015,158.38095238095238,2.199702950149581,50.857142857142854,1.3560926724647206,94,628,251.82076320939333,121,2.0827853703164503,0.015775,1.197969367916172,0.3975,0.002425,0.01210833333333333,0.12436666666666668,0.136475,8.35,13.075,467.9500000000001,304.2,2.3475
DL,2016,7,Jul 2016,295.20454545454544,2.4701230403143803,110.05272727272728,1.2627153923483894,44,507,251.82076320939333,130,2.113943352306837,0.0194,1.287801729930226,0.2945,0.0036,0.012,0.0387,0.05069999999999999,8.285,16.05,400.2,260.29999999999995,1.9
DL,2016,7,Jul 2016,487.4714285714286,2.687949166132198,127.59761904761903,1.2627153923483894,69,507,251.82076320939333,74.9,1.8744818176994664,0.0194,1.287801729930226,0.2945,0.0036,0.012,0.0387,0.05069999999999999,8.285,16.05,400.2,260.29999999999995,1.9
DL,2016,9,Sep 2016,260.6904761904762,2.4161251653705738,81.25,1.2627153923483894,105,507,251.82076320939333,83.1,1.919601023784111,0.01435,1.1568519010700111,0.4235,0.002425,0.01941666666666666,0.2192,0.23861666666666667,8.2075,11.925,456.7,296.725,1.685
DL,2017,7,Jul 2017,105.97619047619048,2.025208303884622,53.1,1.8365849487017816,21,1560,251.82076320939333,209,2.3201462861110542,0.024,1.380211241711606,0.2595,0.0081,0.01275,0.02725,0.04,8.22,18.6,363.45,236.25,2.29
DL,2017,8,Aug 2017,190.5857142857143,2.28009034415434,99.56190476190476,1.8365849487017816,49,1560,251.82076320939333,88.4,1.9464522650130731,0.02043333333333333,1.3103392197987525,0.39508333333333334,0.00594999999999999,0.01334166666666666,0.13399166666666668,0.14733333333333334,8.1775,17.3,392.475,255.125,1.795
DL,2017,9,Sep 2017,76.86666666666667,1.8857380482390176,61.25238095238095,1.8365849487017816,81,1560,251.82076320939333,64.2,1.8075350280688534,0.01735833333333333,1.239508023900121,0.5218333333333334,0.0036,0.01201666666666666,0.22669166666666668,0.23870833333333336,8.16,13.325,446.3,290.075,1.75
DL,2018,8,Aug 2018,75.8,1.8796692056320536,43.48461538461538,2.053312192191217,43,2180,251.82076320939333,190,2.278753600952829,0.0375,1.5740312677277188,0.3265,0.01209999999999999,0.01544999999999999,0.073625,0.08907499999999999,8.1725,15.75,356.025,231.4,3.76
DL,2018,9,Sep 2018,74.23333333333333,1.8705989623143755,28.595238095238095,2.053312192191217,74,2180,251.82076320939333,209,2.3201462861110542,0.02901666666666666,1.4626475207336875,0.371,0.0067,0.01724166666666666,0.1151,0.13234166666666666,8.1675,12.725,426.7249999999999,277.425,2.8175
DL,2019,7,Jul 2019,261.40544217685715,2.417314624877179,62.647165532857144,1.7193837238334602,57,1280,251.82076320939333,297,2.4727564493172123,0.034,1.5314789170422551,0.235,0.0255,0.025,0.0295,0.0545,8.85,18.05,345.4,224.575,3.23
DL,2019,7,Jul 2019,142.56507936509524,2.1540131601842063,71.09795918366666,1.7193837238334602,74,1280,251.82076320939333,152,2.1818435879447726,0.034,1.5314789170422551,0.235,0.0255,0.025,0.0295,0.0545,8.85,18.05,345.4,224.575,3.23
DL,2019,8,Aug 2019,188.97272727273912,2.2763991308948737,75.89090909091304,1.7193837238334602,104,1280,251.82076320939333,160,2.2041199826559246,0.02975,1.4734869700645683,0.29,0.02699999999999999,0.0275,0.08600000000000001,0.1135,8.6725,18.85,391.35,254.475,3.075
DL,2020,7,Jul 2020,103.02866666666668,2.0129580794913497,33.006,1.8482832574057109,35,1590,251.82076320939333,368,2.5658478186735176,0.023,1.3617278360175928,0.17,0.006,NA,0.016,NA,8.469999999999999,19.1,364.0499999999999,NA,3.4400000000000004
DL,2020,8,Aug 2020,274.349375,2.4383039751595437,75.960625,1.8482832574057109,47,1590,251.82076320939333,228,2.357934847000454,0.02,1.3010299956639813,0.2325,0.0065,NA,0.0465,NA,8.2925,17.85,404.3499999999999,NA,2.9325
DL,2020,9,Sep 2020,101.87714285714286,2.008076756680502,38.15952380952381,1.8482832574057109,74,1590,251.82076320939333,198,2.296665190261531,0.015,1.1760912590556813,0.27416666666666667,0.00766666666666666,0.02,0.08333333333333334,0.10333333333333336,8.127500000000001,14.675,465.025,NA,1.865
DL,2021,7,Jul 2021,120.42857142857144,2.0807295346104855,41.904761904761905,1.3281694664425572,37,590,251.82076320939333,86.1,1.9350031514536548,0.021,1.3222192947339193,0.33499999999999996,0.002,0.03,0.114,0.14400000000000002,8.440000000000001,19.35,453.15,NA,2.77
DL,2021,8,Aug 2021,139.57142857142858,2.144796523704516,37.19047619047619,1.3281694664425572,58,590,251.82076320939333,65,1.8129133566428555,0.019,1.2787536009528289,0.3325,0.002,0.03,0.1035,0.1335,8.435,18.075000000000003,483.6,NA,2.9
DL,2021,9,Sep 2021,185.33333333333337,2.2679535368623953,53.19047619047619,1.3281694664425572,87,590,251.82076320939333,155,2.1903316981702914,0.0145,1.1613680022349748,0.32000000000000006,NA,0.025,0.106,0.131,8.31,13.225,523.325,NA,3.005
DL,2021,9,Sep 2021,13.45,1.1287222843384268,8.428571428571429,1.3281694664425572,89,590,251.82076320939333,156,2.1931245983544616,0.0145,1.1613680022349748,0.32000000000000006,NA,0.025,0.106,0.131,8.31,13.225,523.325,NA,3.005
DL,2022,7,Jul 2022,187.839265,2.27378638021132,33.55,1.5035830097545944,33,856,251.82076320939333,183,2.2624510897304293,0.045,1.6532125137753437,0.21333333333333335,0.002,0.03,0.0135,0.0435,8.41,20.5,430.6,NA,2.5700000000000003
DL,2022,8,Aug 2022,175.93899583333334,2.245362108918799,87.08333333333333,1.5035830097545944,52,856,251.82076320939333,65.5,1.816241299991783,0.02849999999999999,1.45484486000851,0.25666666666666665,0.00195,0.0225,0.064,0.0865,8.39,19.975,460.32499999999993,NA,1.9575
DL,2022,9,Sep 2022,208.5242,2.3191564637058466,201.69565217391303,1.5035830097545944,83,856,251.82076320939333,53,1.724275869600789,0.01,1,0.34750000000000003,0.0014,0.015,0.132,0.14700000000000002,8.325000000000001,16.775,513.675,NA,1.6425
DL,2023,7,Jul 2023,185.59555555555556,2.268567571986247,80.3711111111111,1.714894450861383,39,1270,251.82076320939333,207,2.315970345456918,0.025,1.3979400086720377,0.24,0.0055,NA,0.015,NA,8.469999999999999,17.15,403.5,NA,NA
DL,2023,8,Aug 2023,172.273,2.23621721668276,72.1505,1.714894450861383,53,1270,251.82076320939333,112,2.0492180226701815,0.02475,1.3935752032695876,0.265,0.00499999999999999,NA,0.0425,NA,8.385,17.2,432.25,NA,NA
DL,2023,9,Sep 2023,130.12857142857143,2.1143726620608505,63.77809523809524,1.714894450861383,85,1270,251.82076320939333,128,2.1072099696478683,0.0185,1.2671717284030137,0.28,0.003,0.05,0.0625,0.1125,8.325000000000001,15.125,480.75,NA,NA
DL,2025,7,Jul 2025,382.9161617932214,2.5831036970593257,123.65569363792888,1.168722770941071,55,402,251.82076320939333,78.2,1.893206753059848,0.01049999999999999,1.0211892990699376,0.19,NA,NA,0.032,NA,8.805,NA,430.6,NA,NA
DL,2025,8,Aug 2025,180.2427302999929,2.255857757417727,99.91603773890677,1.168722770941071,75,402,251.82076320939333,62.2,1.7937903846908188,0.01474999999999999,1.1687920203141815,0.2425,0.001,0.009,0.07925,0.08825,8.5825,NA,431.65,NA,NA
DL,2025,9,Sep 2025,164.7450083338321,2.2168122646262045,49.40177781165357,1.168722770941071,102,402,251.82076320939333,45.3,1.6560982020128319,0.01424999999999999,1.1538148643445287,0.3375,0.001,0.009,0.10375,0.11275,8.41,NA,463.525,NA,NA
FH,2008,8,Aug 2008,4.333333333333333,0.6368220975871743,3.295,1.8982303935386893,72,45700,6681.430135914736,4310,3.6344772701607315,0.01125,1.0511525224473812,0.14166666666666666,NA,0.01,0.0155,0.0255,8.581666666666667,20.116666666666667,197.21666666666667,104.65,2.6083333333333334
FH,2008,9,Sep 2008,13.3,1.1238516409670858,4.15,1.8982303935386893,103,45700,6681.430135914736,3450,3.537819095073274,0.009,0.9542425094393249,0.16666666666666669,NA,0.01,0.015,0.025,8.770833333333332,17.958333333333336,229,121.66666666666666,1.5666666666666669
FH,2009,8,Aug 2009,23.047619047619047,1.3626260669104933,7.6,1.8528481696611776,62,42500,6681.430135914736,4100,3.6127838567197355,0.01016708333333333,1.007196383216577,0.137125,0.00367875,0.00756899999999999,0.00664625,0.01421524999999999,8.483333333333333,21.26666666666667,215.8,114.63333333333334,1.9583333333333337
FH,2009,9,Sep 2009,51.61904761904762,1.7128099874684488,19.1,1.8528481696611776,96,42500,6681.430135914736,2890,3.4608978427565478,0.00898708333333333,0.95361876873404,0.147625,0.00331375,0.00892525,0.00709375,0.016019,8.588333333333333,20.300000000000004,242.66666666666669,128.96666666666667,1.33
FH,2010,8,Aug 2010,38.36363636363637,1.583919765803449,15.666666666666666,1.5809258415790794,55,26400,6681.430135914736,3350,3.525044807036845,0.01080416666666666,1.0335912750577452,0.18625,0.00415833333333333,0.00759166666666666,0.00788333333333332,0.01547499999999999,8.316666666666666,21.966666666666665,214.45,114.04999999999998,1.6549999999999998
FH,2010,9,Sep 2010,36.90952380952381,1.5671384421550123,24,1.5809258415790794,95,26400,6681.430135914736,2900,3.462397997898956,0.01023749999999999,1.0101939147684744,0.16208333333333336,0.003375,0.007775,0.00858333333333333,0.01635833333333333,8.476666666666667,19.6,239.5,127.43333333333332,1.5633333333333332
FH,2011,8,Aug 2011,10,1,6.944444444444445,2.0154527987962143,53,54700,6681.430135914736,7570,3.8790958795000727,0.01905,1.2798949800116382,0.13130750000000002,0.00606249999999999,0.00986666666666666,0.01340833333333332,0.02327499999999999,8.335,17.583333333333332,170.58333333333334,110.85,5.140000000000001
FH,2011,9,Sep 2011,14.952380952380953,1.1747103533392955,6.666666666666667,2.0154527987962143,86,54700,6681.430135914736,3630,3.5599066250361124,0.011675,1.0672568892381498,0.1338075,0.00451249999999999,0.008125,0.01479999999999999,0.02292499999999999,8.484166666666667,16.758333333333333,209.93333333333337,136.44166666666666,1.2083333333333337
FH,2012,8,Aug 2012,16.11111111111111,1.20712549279565,16.14,1.848478228508413,95,42200,6681.430135914736,3610,3.5575072019056577,0.00883499999999999,0.9462065538427824,0.16777916666666665,0.00370333333333332,0.00980499999999999,0.00971416666666666,0.01951916666666666,8.406666666666666,19.449999999999996,191.09999999999997,124.25,1.24
FH,2012,9,Sep 2012,19.46153846153846,1.289177168868981,10.6,1.848478228508413,127,42200,6681.430135914736,2320,3.3654879848909,0.00798999999999999,0.9025467793139909,0.18111,0.00295833333333332,0.00686666666666666,0.010335,0.01720166666666666,8.518333333333334,17.15833333333333,209.33333333333331,136.23333333333335,1.0291666666666668
FH,2013,7,Jul 2013,21.357142857142858,1.3295431526461916,8.823529411764707,1.6978244117670622,77,32700,6681.430135914736,2280,3.357934847000454,0.00886666666666666,0.9477603819114042,0.15458666666666668,0.00388333333333333,NA,0.01160666666666666,NA,8.453333333333333,20.8,211.66666666666663,137.56666666666666,1.0833333333333333
FH,2013,8,Aug 2013,15.571428571428571,1.1923284579263669,7.25,1.6978244117670622,108,32700,6681.430135914736,1850,3.2671717284030137,0.00895333333333333,0.951984753613034,0.15295333333333333,0.00370666666666666,0.00873,0.01100583333333333,0.01973583333333332,8.449166666666667,20.15,219.33333333333331,142.55833333333334,1.0491666666666666
FH,2014,8,Aug 2014,34.36363636363637,1.5360991146790004,15.125,1.8307883564391243,67,41000,6681.430135914736,4150,3.6180480967120925,0.01184166666666666,1.0734128318798446,0.16883333333333334,0.00433333333333333,0.0114,0.00996666666666666,0.02136666666666666,8.053333333333335,18.85,195.54166666666669,127.05833333333334,2.5700000000000003
FH,2014,8,Aug 2014,16.818181818181817,1.2257790432447888,11.304545454545456,1.8307883564391243,96,41000,6681.430135914736,3820,3.582063362911709,0.01184166666666666,1.0734128318798446,0.16883333333333334,0.00433333333333333,0.0114,0.00996666666666666,0.02136666666666666,8.053333333333335,18.85,195.54166666666669,127.05833333333334,2.5700000000000003
FH,2015,8,Aug 2015,36.25,1.5593080109070123,20.2,1.365190203845993,60,17000,6681.430135914736,2380,3.376576957056512,0.0103,1.0128372247051722,0.17775,0.0022,0.00724999999999999,0.00655,0.0138,8.552499999999998,19.525,196.875,128.05,0.97
FH,2015,9,Sep 2015,57.857142857142854,1.7623569832004118,26.142857142857142,1.365190203845993,95,17000,6681.430135914736,2030,3.307496037913213,0.01104166666666666,1.0430346322252015,0.18683333333333335,NA,0.00764999999999999,0.00575,0.01339999999999999,8.5025,16.375,226.025,147.075,1.4975
FH,2016,7,Jul 2016,11.2,1.0492180226701815,5.525,1.460151664262228,80,20800,6681.430135914736,2410,3.3820170425748683,0.0087,0.9395192526186185,0.1335,0.0012,0.02109999999999999,0.0096,0.03069999999999999,8.345,18.8,192.05,124.8,0.86
FH,2016,9,Sep 2016,13.75,1.1383026981662814,15.033333333333331,1.460151664262228,116,20800,6681.430135914736,1690,3.2278867046136734,0.01041666666666666,1.0177287669604314,0.17141666666666666,9.37499999999995e-4,0.020675,0.007275,0.02795,8.370000000000001,15.5,225.7,146.75,1.3
FH,2017,8,Aug 2017,10.9,1.0374264979406236,5.76875,1.7284224071075731,59,34500,6681.430135914736,3160,3.499687082618404,0.00845,0.9268567089496923,0.1595,0.001575,0.020575,0.0236,0.044175,8.2225,19.55,216.025,140.20000000000002,0.99825
FH,2017,9,Sep 2017,20.433333333333337,1.310339219798753,11.728571428571428,1.7284224071075731,91,34500,6681.430135914736,2240,3.3502480183341627,0.00877499999999999,0.9432471251378611,0.1825,0.0016,0.020275,0.024775,0.04505,8.26,16.775,236.575,153.72500000000002,1.17575
FH,2018,8,Aug 2018,15.921052631578949,1.201971778035659,7.945,2.07508058246996,83,59700,6681.430135914736,4270,3.630427875025024,0.01145833333333332,1.059121452118656,0.14891666666666667,0.0031,0.01069166666666666,0.01786666666666666,0.02855833333333332,8.265,18.5,223.7,145.425,2.0675
FH,2018,9,Sep 2018,29.804761904761904,1.474285656819377,13.104761904761904,2.07508058246996,116,59700,6681.430135914736,3330,3.5224442335063197,0.00965833333333333,0.984902189915971,0.15891666666666665,0.001,0.018675,0.02169166666666665,0.04036666666666666,8.2725,15.85,248.275,161.375,1.0925
FH,2019,8,Aug 2019,16.581,1.2196107193014376,9.007,1.8455534162992344,75,42000,6681.430135914736,3340,3.5237464668115646,0.0085,0.9294189257142927,0.12583333333333332,0.02008333333333332,0.0225,0.01258333333333333,0.03508333333333333,8.51,18.975,227.85,148.0375,2.2249999999999996
FH,2019,9,Sep 2019,24.56,1.39022836246913,10.465,1.8455534162992344,105,42000,6681.430135914736,2640,3.4216039268698313,0.009,0.9542425094393249,0.12833333333333333,0.01358333333333332,0.019925,0.00983333333333333,0.02975833333333333,8.515,17.875,256.375,166.75,3.755
FH,2020,8,Aug 2020,16.753333333333334,1.2241012295368947,8.275714285714287,1.8586428850095105,73,42900,6681.430135914736,4370,3.640481436970422,0.0075,0.8750612633917001,0.105,0.002,NA,0.0065,NA,8.157499999999999,18.950000000000003,220.7,NA,2.2775
FH,2020,9,Sep 2020,16.49809523809524,1.2174338063147625,8.197619047619048,1.8586428850095105,103,42900,6681.430135914736,2950,3.469822015978163,0.006125,0.7871060930365701,0.11,0.0035,0.02,0.009375,0.029375,8.184999999999999,16.275000000000002,251.15000000000003,NA,1.4425
FH,2021,8,Aug 2021,19.404761904761905,1.287908318342076,9.538095238095238,1.680337850495034,59,31700,6681.430135914736,2830,3.45178643552429,0.02083333333333333,1.3187587626244126,0.16166666666666668,0.025,0.02,0.01483333333333333,0.03483333333333333,8.442499999999999,14.025,233.65,NA,2.6025
FH,2021,9,Sep 2021,50.76190476190476,1.705537909956634,19.238095238095237,1.680337850495034,89,31700,6681.430135914736,2390,3.3783979009481375,0.00924999999999998,0.9661417327390317,0.1225,NA,0.02,0.00799999999999999,0.02799999999999999,8.3325,15.775,260.5,NA,2.4425
FH,2022,8,Aug 2022,7.713405882352941,0.8872461847047168,4.041176470588235,1.748234131290209,49,35700,6681.430135914736,3600,3.5563025007672873,0.01766666666666666,1.2471546148811266,0.16,0.01024999999999999,0.02,0.01175,0.03175,8.073333333333334,19.066666666666663,198.41666666666663,NA,2.47
FH,2022,9,Sep 2022,20.48092380952381,1.3113495419683454,9.674761904761905,1.748234131290209,81,35700,6681.430135914736,2230,3.3483048630481607,0.02766666666666666,1.4419568376564114,0.21,0.00975,0.02,0.01375,0.03375,8.218333333333334,17.391666666666666,241.06666666666663,NA,1.3975
FH,2023,8,Aug 2023,19.01684210526316,1.2791384006075552,8.65421052631579,1.7217165301507285,89,34100,6681.430135914736,2490,3.3961993470957363,0.00675,0.829303772831025,0.16749999999999998,0.00225,NA,0.01,NA,8.5,20.425,237.25,NA,NA
FH,2023,9,Sep 2023,37.01809523809524,1.568414068418326,12.596190476190475,1.7217165301507285,119,34100,6681.430135914736,2600,3.4149733479708178,0.0055,0.7403626894942439,0.1275,0.003,0.05,0.009,0.059,8.5,18,258,NA,NA
FH,2025,8,Aug 2025,21.385088372093023,1.3301110492822408,11.589147286821706,1.429075125404765,91,19500,6681.430135914736,2130,3.3283796034387376,0.02616666666666666,1.41774840202559,0.105,NA,NA,0.00916666666666666,NA,8.51,NA,222.1,NA,NA
FH,2025,9,Sep 2025,27.366186046511633,1.4372142751459125,18.139534883720923,1.429075125404765,122,19500,6681.430135914736,1550,3.1903316981702914,0.02516666666666666,1.4008256969095256,0.1225,NA,NA,0.00766666666666666,NA,8.4875,NA,240.8,NA,NA
GR,2008,8,Aug 2008,129.1,2.1109262422664203,102.315,NA,NA,NA,NA,NA,NA,0.040625,1.608793373986931,0.2625,NA,0.01333333333333332,0.0045,0.01783333333333333,8.493333333333332,17.766666666666666,419,222.8,2.72
GR,2008,9,Sep 2008,134.8,2.129689892199301,36.17,NA,NA,NA,NA,NA,NA,0.02725,1.4353665066126613,0.225,NA,0.01,0.02349999999999999,0.03349999999999999,8.675833333333333,14.325,471.16666666666663,250.58333333333331,2.411666666666666
GR,2009,8,Aug 2009,102.20476190476192,2.009471130835711,95.22,1.6460624840451714,61,1420,318.38265040650407,229,2.359835482339888,0.04157458333333333,1.6188279053493821,0.293625,0.018618,0.00643666666666666,0.01270458333333333,0.01914124999999999,8.491666666666667,18.5,385,204.61666666666667,4.585
GR,2009,9,Sep 2009,126.28571428571428,2.101354224998816,60.65,1.6460624840451714,97,1420,318.38265040650407,167,2.2227164711475833,0.02827166666666666,1.45135141170143,0.24783333333333335,0.01244333333333333,0.00800166666666666,0.01017833333333333,0.01817999999999999,8.476666666666667,18.55,438,232.66666666666669,2.568333333333334
GR,2010,8,Aug 2010,64.14782608695653,1.807181943104768,67.80952380952381,1.8389585152428265,44,1980,318.38265040650407,227,2.3560258571931225,0.07115416666666666,1.8522003367092397,0.33466666666666667,0.03176666666666666,0.010775,0.0162875,0.0270625,8.173333333333334,19.7,363.66666666666663,194.13333333333333,13.648333333333332
GR,2010,9,Sep 2010,119.46666666666668,2.077246746270425,59.95,1.8389585152428265,84,1980,318.38265040650407,386,2.586587304671755,0.06308333333333332,1.7999146334524478,0.3221666666666667,0.02788333333333333,0.00955,0.02408333333333333,0.03363333333333333,8.355,17.333333333333332,413.66666666666663,219.66666666666669,13.263333333333332
GR,2011,8,Aug 2011,50.666666666666664,1.70472233322511,13,2.003380876523548,52,2560,318.38265040650407,403,2.6053050461411096,0.0637,1.8041394323353506,0.3005,0.0295,0.01346666666666666,0.05213333333333333,0.06559999999999999,8.348333333333333,16.200000000000003,298.04999999999995,193.8,7.765000000000001
GR,2011,9,Sep 2011,65.26666666666667,1.8146914327474568,16.666666666666668,2.003380876523548,85,2560,318.38265040650407,242,2.383815365980431,0.04193333333333332,1.6225593863895875,0.30474999999999997,0.02357499999999999,0.0135,0.06109999999999999,0.0746,8.505833333333333,14.35,357.80833333333334,232.59166666666664,3.1033333333333335
GR,2012,7,Jul 2012,85.19047619047619,1.9303910458334537,72.61904761904762,1.4639919819257166,55,999,318.38265040650407,118,2.0718820073061255,0.04719624999999999,1.6739074929348041,0.310735,0.02191874999999999,0.00955375,0.013525,0.02307875,8.409166666666668,16.65833333333333,345.28333333333336,224.40833333333333,3.915
GR,2012,9,Sep 2012,147.76190476190476,2.1695624808502463,57.095238095238095,1.4639919819257166,87,999,318.38265040650407,103,2.012837224705172,0.025575,1.4078156423841977,0.2802983333333333,0.00678333333333332,0.0094,NA,NA,8.442499999999999,14.175,424.44166666666666,275.83333333333337,2.174166666666667
GR,2013,6,Jun 2013,63.13636363636363,1.8002795649154093,61.95652173913044,1.0736159198295163,29,394,318.38265040650407,201,2.303196057420489,0.0314,1.4969296480732148,0.281795,0.018715,0.01894,0.001505,0.02044499999999999,8.469999999999999,18.65,453.9500000000001,295.1,1.31
GR,2013,8,Aug 2013,196.88888888888889,2.2942212081117073,107.07407407407408,1.0736159198295163,66,394,318.38265040650407,85,1.9294189257142926,0.02946166666666666,1.469257311537926,0.2755425,0.01752583333333333,0.01323333333333333,0.00143916666666666,0.01467249999999999,8.4275,17.6,470.2750000000001,305.65,1.415
GR,2013,9,Sep 2013,150.06896551724137,2.176290888791167,71.71428571428571,1.0736159198295163,94,394,318.38265040650407,69.6,1.842609239610562,0.02867916666666666,1.4575665278421273,0.27053,0.01625583333333333,0.00828333333333333,0.00519916666666666,0.01348249999999999,8.325000000000001,15.725,492.875,320.275,1.8025
GR,2014,8,Aug 2014,105.46153846153848,2.023094102482676,156.07692307692307,1.4536610491769852,36,978,318.38265040650407,135,2.130333768495006,0.0445,1.6483600109809315,0.30966666666666665,0.02251666666666666,0.010725,0.013425,0.02414999999999999,8.215,18.275,387.9500000000001,252.375,4.18
GR,2014,8,Aug 2014,81.38888888888889,1.910565119586822,33.55,1.4536610491769852,64,978,318.38265040650407,291,2.4638929889859074,0.0445,1.6483600109809315,0.30966666666666665,0.02251666666666666,0.010725,0.013425,0.02414999999999999,8.215,18.275,387.9500000000001,252.375,4.18
GR,2015,7,Jul 2015,75.12,1.8757555792580545,135.88,1.363456794007094,28,807,318.38265040650407,144,2.1583624920952498,0.03134999999999999,1.4962375451667351,0.3175,0.01084999999999999,0.0087,0.00165,0.01035,8.225000000000001,17.35,377.7000000000001,245.7,1.885
GR,2015,8,Aug 2015,312.1904761904762,2.4944196501645424,183.57142857142856,1.363456794007094,59,807,318.38265040650407,94.4,1.974971994298069,0.02769166666666666,1.442349095231086,0.265,0.00889166666666666,0.0116875,0.0037875,0.015475,8.217500000000001,15.85,427.55000000000007,278.04999999999995,1.735
GR,2015,9,Sep 2015,129.1904761904762,2.111230499027677,45.857142857142854,1.363456794007094,94,807,318.38265040650407,121,2.0827853703164503,0.02781666666666666,1.444305086295603,0.28925,0.00621666666666666,0.0142875,0.0162875,0.03057499999999999,8.205,12.925,479.9249999999999,312.025,2.6475
GR,2016,7,Jul 2016,163.64347826086956,2.213898701903385,187.3095652173913,1.2338165651158215,38,598,318.38265040650407,130,2.113943352306837,0.04325,1.635986111800833,0.28500000000000003,0.0231,0.0219,0.00125,0.02315,8.149999999999999,15.55,438.2999999999999,284.7,1.37
GR,2016,7,Jul 2016,228.75454545454545,2.3593697324487106,152.33,1.2338165651158215,63,598,318.38265040650407,83,1.919078092376074,0.04325,1.635986111800833,0.28500000000000003,0.0231,0.0219,0.00125,0.02315,8.149999999999999,15.55,438.2999999999999,284.7,1.37
GR,2016,9,Sep 2016,125.17619047619048,2.0975217304067315,52.92285714285715,1.2338165651158215,99,598,318.38265040650407,67.1,1.826722520168992,0.02643333333333332,1.422151932597941,0.2865833333333333,0.00894166666666666,0.01711249999999999,0.01833333333333333,0.03544583333333333,8.192499999999999,12.225,464.45,301.925,1.2025
GR,2017,7,Jul 2017,34,1.5314789170422551,27.728571428571428,1.79455239611544,21,1840,318.38265040650407,225,2.3521825181113627,0.03585,1.5544891600038189,0.2845,0.0151,0.0135,0.0025,0.016,8.235,19,398.05,258.7,2.15
GR,2017,8,Aug 2017,116.24285714285716,2.065366275981357,167.63809523809525,1.79455239611544,49,1840,318.38265040650407,82.4,1.9159272116971158,0.026625,1.425289616446794,0.30274999999999996,0.009825,0.01301666666666666,0.03842500000000001,0.05144166666666668,8.2325,17.6,435.50000000000006,283.04999999999995,1.5125
GR,2017,9,Sep 2017,77.3409090909091,1.888409272609622,139.92272727272726,1.79455239611544,81,1840,318.38265040650407,77.8,1.890979596989689,0.0262,1.4183012913197455,0.422,0.007725,0.01311666666666666,0.127575,0.14069166666666666,8.23,13.55,480.0250000000001,312,1.77
GR,2018,8,Aug 2018,94.70625,1.9763786405760873,58.51875,1.974265532667662,45,2450,318.38265040650407,211,2.3242824552976926,0.04065833333333333,1.6091495720646414,0.33066666666666666,0.01399166666666666,0.01545,0.04570833333333334,0.06115833333333333,8.3925,17.35,382.9749999999999,248.95,3.3774999999999995
GR,2018,9,Sep 2018,229.275,2.3603567021177887,69.89,1.974265532667662,76,2450,318.38265040650407,217,2.3364597338485296,0.02998333333333332,1.4768799129619075,0.3526666666666667,0.00776666666666666,0.02215,0.07758333333333334,0.09973333333333334,8.395,14.475,434.69999999999993,282.575,2.6475
GR,2019,7,Jul 2019,32.585,1.5130177253316184,24.05,1.6460624840451714,57,1420,318.38265040650407,311,2.4927603890268375,0.053,1.724275869600789,0.23,0.046,0.0137,NA,NA,8.735,19.4,378.15,245.705,4.029999999999999
GR,2019,7,Jul 2019,34.41379310344828,1.5367325433884151,53,1.6460624840451714,74,1420,318.38265040650407,156,2.1931245983544616,0.053,1.724275869600789,0.23,0.046,0.0137,NA,NA,8.735,19.4,378.15,245.705,4.029999999999999
GR,2019,8,Aug 2019,141.59473684210528,2.1510471106778177,54.61052631578947,1.6460624840451714,104,1420,318.38265040650407,149,2.173186268412274,0.04525,1.655618583541222,0.27,0.038,0.02185,0.074,0.09585,8.692499999999999,19.549999999999997,411.025,266.9925,3.3149999999999995
GR,2020,8,Aug 2020,105.9665,2.025168590126813,139.6645,1.8573493204196296,57,2040,318.38265040650407,216,2.3344537511509307,0.02299999999999999,1.3617278360175926,0.21,0.01024999999999999,NA,0.017,NA,8.4425,18.825,406.3,NA,4.0075
GR,2020,9,Sep 2020,147.97416666666666,2.170185902872056,66.27791666666667,1.8573493204196296,84,2040,318.38265040650407,189,2.2764618041732443,0.02116666666666666,1.3256524705723132,0.245,0.01258333333333333,0.02,0.0265,0.0465,8.32,15.15,468.8,NA,3.16
GR,2021,7,Jul 2021,99.66666666666669,1.9985499336047672,59.95238095238095,1.2192014573923535,37,577,318.38265040650407,85.2,1.9304395947667001,0.03433333333333333,1.5357159699855096,0.26,0.00466666666666666,0.025,0.002,0.027,8.67,20.75,476.15,NA,2.635
GR,2021,8,Aug 2021,238.8571428571429,2.3781382330887406,61.80952380952381,1.2192014573923535,58,577,318.38265040650407,70.4,1.8475726591421122,0.03216666666666666,1.50740605862413,0.26,0.00383333333333333,0.0275,0.003,0.0305,8.6425,19.75,487.4249999999999,NA,2.925
GR,2021,9,Sep 2021,144.85714285714286,2.1609399149830604,46.80952380952381,1.2192014573923535,87,577,318.38265040650407,137,2.1367205671564067,0.02275,1.3569814009931311,0.2425,0.0025,0.025,0.019,0.044,8.567499999999999,14.65,504.0750000000001,NA,2.6
GR,2022,7,Jul 2022,51.617915789473685,1.7128004647680088,74.10526315789474,1.4258836935145134,32,923,318.38265040650407,218,2.3384564936046046,0.05,1.6989700043360187,0.22333333333333333,0.021,0.03,NA,NA,8.43,21.2,436.1,NA,3.125
GR,2022,8,Aug 2022,75.09674761904762,1.875621128459732,115.0952380952381,1.4258836935145134,51,923,318.38265040650407,97.4,1.9885589568786155,0.042,1.6232492903979006,0.21416666666666667,0.014,0.0225,0.006,0.02849999999999999,8.5075,21.1,451.125,NA,2.41
GR,2022,9,Sep 2022,99.26024090909092,1.99677532491492,102.86363636363636,1.4258836935145134,82,923,318.38265040650407,75.1,1.8756399370041683,0.02333333333333333,1.3679767852945943,0.21916666666666668,0.00415,0.015,0.006,0.02099999999999999,8.5325,18.35,495.35,NA,1.445
GR,2023,7,Jul 2023,46.78125,1.6700718220231463,47.74375,1.634387889143396,39,1390,318.38265040650407,268,2.428134794028789,0.032,1.505149978319906,0.29000000000000004,0.0125,NA,NA,NA,8.55,19.25,418.5,NA,NA
GR,2023,8,Aug 2023,191.72181818181815,2.282671538943715,97.18727272727271,1.634387889143396,53,1390,318.38265040650407,172,2.2355284469075487,0.03225,1.5085297189712865,0.28750000000000003,0.01,NA,0.05,NA,8.5625,19.7,444,NA,NA
GR,2023,9,Sep 2023,169.17619047619047,2.2283392412537557,71.14333333333333,1.634387889143396,85,1390,318.38265040650407,162,2.2095150145426308,0.02575,1.4107772333772097,0.2725,0.00524999999999999,0.05,0.03525,0.08524999999999999,8.6375,17.825,483.5,NA,NA
GR,2025,7,Jul 2025,70.91610991874725,1.8507449044929207,115.31036405435567,1.1490332044719085,55,483,318.38265040650407,115,2.060697840353612,0.027,1.4313637641589874,0.19,0.0055,NA,0.004,NA,8.84,NA,432.9,NA,NA
GR,2025,8,Aug 2025,105.23952792566747,2.0221788912975738,108.8455650086242,1.1490332044719085,75,483,318.38265040650407,78,1.8920946026904804,0.0245,1.3891660843645324,0.1875,0.0045,0.008,0.0055,0.0135,8.6475,NA,439.125,NA,NA
GR,2025,9,Sep 2025,167.23194826691395,2.22331924936254,92.11756752096944,1.1490332044719085,102,483,318.38265040650407,58.5,1.7671558660821804,0.01883333333333332,1.2749271930997759,0.1775,0.00375,0.008,0.007,0.015,8.46,NA,462.725,NA,NA
HU,2008,8,Aug 2008,11.05,1.0433622780211296,6.205,1.955031505662307,72,54900,7347.01730712819,4080,3.61066016308988,0.01745833333333333,1.2420027812546892,0.2,NA,0.015,0.04741666666666666,0.06241666666666666,8.488333333333333,18.78333333333333,210.40000000000003,123.41666666666666,4.071666666666667
HU,2008,9,Sep 2008,43.15,1.6349808000512285,7.725,1.955031505662307,103,54900,7347.01730712819,4410,3.6444385894678386,0.015125,1.1796953833245065,0.2,NA,0.015,0.0545,0.0695,8.611666666666668,15.825,251.16666666666669,133.325,2.314166666666667
HU,2009,8,Aug 2009,39.19047619047619,1.5931805404783506,9.6,1.9309967213044197,62,52900,7347.01730712819,4079,3.6105537053170944,0.01820166666666666,1.2601111567211405,0.22783333333333333,0.00562666666666666,0.00915833333333332,0.03440666666666666,0.04356499999999999,8.375,19.566666666666663,229.7833333333333,122.15,3.3783333333333334
HU,2009,9,Sep 2009,51.333333333333336,1.7103994661168007,14.578947368421051,1.9309967213044197,96,52900,7347.01730712819,3069,3.4869968884318228,0.01491041666666666,1.1734897798383548,0.24508333333333332,0.00407,0.01082833333333332,0.03191766666666666,0.04274599999999999,8.433333333333334,19.133333333333333,261.66666666666663,139.1,2.706666666666667
HU,2010,8,Aug 2010,63.74545454545455,1.804449222263532,20.428571428571427,1.7047607598923913,56,36400,7347.01730712819,3621,3.5588285248170117,0.01809999999999999,1.2576785748691843,0.20816666666666667,0.00471666666666666,0.01009999999999999,0.02461666666666666,0.03471666666666666,8.1033333333333335,21.1,234.98333333333335,124.86666666666667,2.933333333333333
HU,2010,9,Sep 2010,93.32857142857142,1.970014618175556,24.15,1.7047607598923913,96,36400,7347.01730712819,3644,3.5615783683009608,0.01744583333333333,1.2416917191796244,0.23279166666666667,0.00364583333333333,0.00993333333333333,0.03560833333333333,0.04554166666666666,8.280000000000001,18.183333333333337,265.5,141.41666666666669,3.64
HU,2011,8,Aug 2011,16.80952380952381,1.2255554106539033,6.8,2.0671780172250354,54,64900,7347.01730712819,8060,3.906335041805091,0.02556249999999999,1.4076033253514169,0.18746416666666663,0.00840416666666666,0.0107875,0.03492083333333333,0.04570833333333333,8.196666666666667,16.9,183.95,119.6,4.851666666666667
HU,2011,9,Sep 2011,60,1.7781512503836436,10.666666666666666,2.0671780172250354,87,64900,7347.01730712819,3810,3.5809249756756194,0.01803749999999999,1.2561763441015503,0.2092975,0.0060125,0.0118875,0.0412875,0.053175,8.361666666666666,15.958333333333334,230.18333333333337,149.60833333333335,2.01
HU,2012,8,Aug 2012,25.333333333333332,1.403692337561129,5.333333333333333,1.8988280592258409,95,50300,7347.01730712819,3325,3.5217916496391233,0.01756375,1.244617246788466,0.21829375,0.00339291666666666,0.01061666666666666,0.0286825,0.03929916666666666,8.309999999999999,18.833333333333336,207.61666666666667,134.98333333333335,2.035
HU,2012,9,Sep 2012,47.333333333333336,1.675167089663394,9.38095238095238,1.8988280592258409,127,50300,7347.01730712819,2378,3.376211850282673,0.01493125,1.1740961670939531,0.22048375,0.00247624999999998,0.00947,0.03886249999999999,0.04833249999999999,8.398333333333333,16.35,229.73333333333335,149.30833333333334,2.1991666666666667
HU,2013,7,Jul 2013,14,1.146128035678238,5.285714285714286,1.7459101836649962,77,39100,7347.01730712819,1970,3.294466226161593,0.01536,1.1863912156954932,0.192618,0.0038325,0.01297333333333333,0.04542,0.05839333333333333,8.34,19.833333333333332,242.23333333333332,157.56666666666666,2.7666666666666666
HU,2013,8,Aug 2013,22.857142857142858,1.359021942641668,4.238095238095238,1.7459101836649962,108,39100,7347.01730712819,1780,3.250420002308894,0.0166075,1.2203042611135873,0.233094,0.00366375,0.01146166666666666,0.042605,0.05406666666666666,8.3525,18.616666666666667,244.96666666666664,159.23333333333332,3.3008333333333333
HU,2014,8,Aug 2014,25.1875,1.4011850634851846,6.729411764705882,1.9050990032255848,67,50800,7347.01730712819,4200,3.6232492903979003,0.0163,1.2121876044039577,0.16708333333333333,0.0058,0.0109,0.01925,0.03015,7.944166666666667,18.59166666666667,206.65,134.4,2.6708333333333334
HU,2014,8,Aug 2014,25.428571428571427,1.4053219622946371,11.08095238095238,1.9050990032255848,96,50800,7347.01730712819,4100,3.6127838567197355,0.0163,1.2121876044039577,0.16708333333333333,0.0058,0.0109,0.01925,0.03015,7.944166666666667,18.59166666666667,206.65,134.4,2.6708333333333334
HU,2015,8,Aug 2015,15.88888888888889,1.2010935280257369,6.1,1.468571537290216,60,23270,7347.01730712819,2520,3.401400540781544,0.01645,1.216165902285993,0.21599999999999997,0.00182499999999999,0.00904999999999999,0.02435,0.0334,8.399999999999999,19.525,214.925,139.75,1.845
HU,2015,9,Sep 2015,93.76190476190476,1.972026421404199,14.047619047619047,1.468571537290216,95,23270,7347.01730712819,2398,3.37984917876283,0.017675,1.247359422468937,0.23475,0.00174999999999999,0.016175,0.02382499999999999,0.03999999999999999,8.515,16.525,246.45,160.225,2.4749999999999996
HU,2016,7,Jul 2016,40.07142857142857,1.6028348255779234,15.7,1.5209554550313962,81,25850,7347.01730712819,2379,3.3763944420372662,0.00993333333333333,0.9970950093565927,0.2005,0.00215,0.01553333333333333,0.02833333333333333,0.04386666666666666,8.355,19.65,209.4,136.15,1.37
HU,2016,9,Sep 2016,70.33333333333333,1.8471612005780305,15.604761904761904,1.5209554550313962,117,25850,7347.01730712819,1928,3.285107029566812,0.01643333333333332,1.2157256645575671,0.22875,0.001275,0.0180875,0.05339166666666667,0.07147916666666668,8.265,14.8,246.025,159.9,3.655
HU,2017,8,Aug 2017,25.82,1.4119562379304016,8.97,1.8228446139655832,48,44500,7347.01730712819,2916,3.4647875196459372,0.01440833333333333,1.1586137472262976,0.24991666666666668,0.00189999999999999,0.01308749999999999,0.0576,0.0706875,8.094999999999999,19.424999999999997,231.925,150.625,2.05375
HU,2017,9,Sep 2017,35.18571428571428,1.5463663718248464,12.17142857142857,1.8228446139655832,80,44500,7347.01730712819,2211,3.344588742578714,0.012375,1.0925452076056064,0.28275,0.0015,0.01424999999999999,0.07147500000000001,0.08572500000000001,8.1725,17.225,259.1,168.35,1.9145
HU,2018,8,Aug 2018,26.857142857142858,1.429059809249423,10.138095238095238,2.1219835674004592,84,70200,7347.01730712819,4096,3.612359947967774,0.01809999999999999,1.2576785748691843,0.19925,0.00262499999999999,0.01274999999999999,0.03235,0.0451,8.067499999999999,17.825000000000003,237,154.05,3.1224999999999996
HU,2018,9,Sep 2018,28.757142857142856,1.4587457348743975,7.357142857142857,2.1219835674004592,117,70200,7347.01730712819,3331,3.522574632691177,0.014775,1.169527489553293,0.22625,0.00174999999999999,0.01621666666666666,0.045825,0.06204166666666667,8.2025,15.825,266.3,173.1,2.0325
HU,2019,8,Aug 2019,29.04275,1.4630377364523,9.0455,1.8950455231948964,76,50000,7347.01730712819,3255,3.512550992904211,0.02049999999999999,1.311753861055754,0.18,0.01491666666666666,0.02666666666666666,0.03574999999999999,0.06241666666666665,8.4225,18.875,248.95,162.0125,2.4025
HU,2019,9,Sep 2019,68.1,1.8331471119127851,17.25,1.8950455231948964,106,50000,7347.01730712819,2677,3.4276483711869328,0.01783333333333332,1.2512325273015656,0.18,0.01441666666666666,0.02375,0.03774999999999999,0.06149999999999999,8.42,17.375,281.17499999999995,182.8125,3.3474999999999997
HU,2020,8,Aug 2020,35.84619047619048,1.5544430081745593,11.687142857142858,1.932212714523334,73,53000,7347.01730712819,4390,3.6424645202421213,0.01375,1.1383026981662814,0.1375,0.004,0.009,0.014,0.023,8.1625,18.925,237.9,NA,3.66
HU,2020,9,Sep 2020,80.84666666666666,1.9076621185143297,20.153809523809525,1.932212714523334,103,53000,7347.01730712819,3160,3.499687082618404,0.01158333333333333,1.06383355420647,0.16583333333333333,0.00466666666666666,0.01449999999999999,0.03516666666666666,0.04966666666666666,8.105,16.65,278.57500000000005,NA,2.41
HU,2021,8,Aug 2021,62.95238095238095,1.7990121604157021,16.19047619047619,1.7951164321438793,60,42500,7347.01730712819,3020,3.4800069429571505,0.0165,1.2174839442139063,0.155,0.00145,0.03,0.022,0.052,8.280000000000001,19.700000000000003,243.3,NA,1.925
HU,2021,9,Sep 2021,363.7142857142857,2.5607603593033796,64.80952380952381,1.7951164321438793,89,42500,7347.01730712819,2628,3.419625360887743,NA,NA,NA,NA,NA,NA,NA,NA,NA,NA,NA,NA
HU,2022,8,Aug 2022,43.62551875,1.6397406041832367,14.6875,1.833703214761222,50,45300,7347.01730712819,3404,3.53198955141255,NA,NA,NA,NA,NA,NA,NA,NA,NA,NA,NA,NA
HU,2022,9,Sep 2022,68.87476190476191,1.8380601105367664,23.047619047619047,1.833703214761222,82,45300,7347.01730712819,2301,3.3619166186686433,NA,NA,NA,NA,NA,NA,NA,NA,NA,NA,NA,NA
HU,2023,8,Aug 2023,38.90380952380952,1.5899921302245008,10.697142857142858,1.7547953757894188,73,39700,7347.01730712819,2483,3.394976719554564,0.013,1.1139433523068367,0.205,0.00225,NA,0.035,NA,8.3925,19.75,255.2,NA,NA
HU,2023,9,Sep 2023,58.04142857142857,1.7637380931704738,13.507619047619048,1.7547953757894188,103,39700,7347.01730712819,2902,3.4626974081017172,0.01125,1.0511525224473812,0.18,0.001,0.05,0.02975,0.07975,8.5,18.3,280.75,NA,NA
HU,2025,8,Aug 2025,135.89291472868217,2.133196813800541,20.794573643410857,1.493800409218303,73,24490,7347.01730712819,2175,3.337459261290656,0.01575,1.1972805581256194,0.185,0.0015,0.01,0.06025,0.07024999999999999,8.2575,NA,256.2,NA,NA
HU,2025,9,Sep 2025,73.64531782945741,1.867145140785317,14.496124031007753,1.493800409218303,104,24490,7347.01730712819,1652,3.218010042984363,0.01475,1.1687920203141817,0.16249999999999998,NA,0.01,0.04549999999999999,0.05549999999999999,8.2325,NA,264.17499999999995,NA,NA
MS,2008,8,Aug 2008,76.23529411764706,1.8821560801563009,29.22,1.809306598927741,72,16800,2836.434637964775,1900,3.278753600952829,0.01699999999999999,1.2304489213782737,0.16666666666666669,NA,0.0175,0.00699999999999999,0.02449999999999999,8.375,16.766666666666666,253.33333333333331,134.46666666666667,3.12
MS,2008,9,Sep 2008,80.19047619047619,1.9041227924297115,19.742857142857144,1.809306598927741,103,16800,2836.434637964775,1830,3.2624510897304293,0.01033333333333333,1.01424043911461,0.13333333333333333,NA,0.0125,0.00841666666666666,0.02091666666666666,8.311666666666667,14.175,290.5,154.025,2.1908333333333334
MS,2009,8,Aug 2009,116.95238095238096,2.0680090677352108,33.7,1.8270808861233871,69,17300,2836.434637964775,2050,3.311753861055754,0.01974166666666666,1.2953838146751402,0.18016666666666664,0.00771333333333333,0.00910625,0.00523166666666666,0.01433791666666666,7.896666666666667,17.15,265.5,141.13333333333333,3.746666666666667
MS,2009,9,Sep 2009,148.04545454545453,2.170395077742667,41.714285714285715,1.8270808861233871,101,17300,2836.434637964775,1390,3.143014800254095,0.01356166666666666,1.1323130656119698,0.16133333333333333,0.00442249999999999,0.00890875,0.00520799999999999,0.01411674999999999,7.923333333333333,16.866666666666664,294,156.14999999999998,2.131666666666667
MS,2010,8,Aug 2010,120.95,2.0826058726978984,50.285714285714285,1.5270368982722526,44,10100,2836.434637964775,1940,3.287801729930226,0.01853333333333333,1.2679535368623949,0.1765,0.00828333333333333,0.00964166666666666,0.00421666666666666,0.01385833333333333,7.59,18.116666666666667,265,140.95,2.5316666666666667
MS,2010,9,Sep 2010,71.98260869565217,1.8572275817111297,30.727272727272727,1.5270368982722526,84,10100,2836.434637964775,1870,3.271841606536499,0.01485,1.1717264536532312,0.17533333333333334,0.00519999999999999,0.00799166666666666,0.00299999999999999,0.01099166666666666,7.691666666666666,16.05,293.5,156.41666666666669,2.263333333333333
MS,2011,8,Aug 2011,24.076923076923077,1.3816009852396116,9.785714285714286,2.147720915661438,54,28100,2836.434637964775,3590,3.5550944485783194,0.0258,1.4116197059632303,0.15766666666666668,0.01133333333333333,0.01064166666666666,0.00798666666666666,0.01862833333333333,8.32,15.45,223.3,145.36666666666667,5.0216666666666665
MS,2011,9,Sep 2011,51.476190476190474,1.711606399219391,25.333333333333332,2.147720915661438,87,28100,2836.434637964775,1910,3.2810333672477277,0.0158,1.1986570869544226,0.13816666666666666,0.00888333333333333,0.00916666666666666,0.00377,0.01293666666666666,8.371666666666666,13.75,258.8666666666667,168.21666666666667,2.1083333333333334
MS,2012,8,Aug 2012,83.65,1.9224659452984136,38.75,1.8375815815496055,97,17600,2836.434637964775,1630,3.2121876044039577,0.01188833333333333,1.0751209736370395,0.15728166666666668,0.00361333333333333,0.01064666666666666,0.00315999999999999,0.01380666666666666,8.263333333333332,16.96666666666667,243.2833333333333,158.26666666666665,1.5933333333333333
MS,2012,9,Sep 2012,63.285714285714285,1.8013056862088128,27.428571428571427,1.8375815815496055,128,17600,2836.434637964775,1180,3.0718820073061255,0.01082,1.0342272607705507,0.16235583333333337,0.00273833333333333,0.00808166666666666,0.002905,0.01098666666666666,8.3475,14.225,268.0333333333333,174.30833333333334,1.5558333333333332
MS,2013,8,Aug 2013,74.38095238095238,1.8714617348073623,34.476190476190474,1.6307126633063032,81,12300,2836.434637964775,1280,3.1072099696478683,0.01039,1.0166155475571774,0.159135,0.00344999999999999,0.0140425,0.0021175,0.01616,8.212499999999999,17.1,263.875,171.6,2.6624999999999996
MS,2013,9,Sep 2013,93.38095238095238,1.9702582989338648,37.95238095238095,1.6307126633063032,111,12300,2836.434637964775,817,2.9122220565324155,0.01102999999999999,1.04257551244019,0.150925,0.00351999999999999,0.01190666666666666,0.0014965,0.01340316666666666,8.215,15.775,285.35,185.625,2.2725
MS,2014,8,Aug 2014,75.85714285714286,1.8799964810672125,41.22380952380952,1.8200128043049704,69,17100,2836.434637964775,1790,3.2528530309798933,0.01699166666666666,1.230235979730515,0.14675000000000002,0.00668333333333333,0.010325,0.00283333333333333,0.01315833333333333,7.8525,16.75,266.04999999999995,173.05,2.78
MS,2014,8,Aug 2014,108.47619047619048,2.0353344250091623,31.409523809523808,1.8200128043049704,94,17100,2836.434637964775,1910,3.2810333672477277,0.01699166666666666,1.230235979730515,0.14675000000000002,0.00668333333333333,0.010325,0.00283333333333333,0.01315833333333333,7.8525,16.75,266.04999999999995,173.05,2.78
MS,2015,7,Jul 2015,116.8148148148148,2.0674979248338965,91.5925925925926,1.3520157346065569,30,7010,2836.434637964775,1620,3.2095150145426308,0.0109,1.0374264979406236,0.17166666666666666,0.0016,0.010475,0.0017,0.012175,8.23,18.75,224.7,146.2,1.86
MS,2015,8,Aug 2015,61.76190476190476,1.7907206813501608,22.047619047619047,1.3520157346065569,61,7010,2836.434637964775,1140,3.0569048513364727,0.0133,1.1238516409670858,0.21833333333333332,0.0017,0.0138625,0.00215,0.0160125,8.1075,17.625,255.35,166.05,2.4325
MS,2015,9,Sep 2015,76.0952380952381,1.8813574802440536,27.952380952380953,1.3520157346065569,93,7010,2836.434637964775,842,2.9253120914996495,0.018,1.255272505103306,0.2485,0.00174999999999999,0.01219999999999999,0.0026,0.01479999999999999,8.0575,14.575,294.65,191.4,3.895
MS,2016,7,Jul 2016,147.5681818181818,2.1689927263865685,121.16090909090909,1.3925752206924995,53,7660,2836.434637964775,1790,3.2528530309798933,0.00953333333333333,0.9792447784093804,0.1405,7.999999999999999e-4,NA,0.0011,NA,8.280000000000001,17.4,247.05,160.55,1.1949999999999998
MS,2016,7,Jul 2016,80.38095238095238,1.905153147555717,28.895238095238096,1.3925752206924995,75,7660,2836.434637964775,1260,3.100370545117563,0.00953333333333333,0.9792447784093804,0.1405,7.999999999999999e-4,NA,0.0011,NA,8.280000000000001,17.4,247.05,160.55,1.1949999999999998
MS,2016,8,Aug 2016,67.76190476190476,1.830985605350365,28.485714285714284,1.3925752206924995,113,7660,2836.434637964775,779,2.8915374576725643,0.03011666666666666,1.478806902177288,0.23075,0.00102499999999999,0.01979999999999999,0.006025,0.02582499999999999,8.262500000000001,16.725,255.85,166.22500000000002,23.415
MS,2017,7,Jul 2017,28.36111111111111,1.452723241319623,18.244444444444444,1.730539506142366,22,14700,2836.434637964775,3100,3.4913616938342726,0.01515,1.1804126328383238,0.16899999999999998,0.0042,0.0149,0.002,0.0169,8.175,18.9,253,164.45,2.34
MS,2017,8,Aug 2017,106.61428571428571,2.0278154016061385,56.6,1.730539506142366,51,14700,2836.434637964775,1330,3.123851640967086,0.013,1.1139433523068367,0.1745,0.0031,0.01325,0.002025,0.015275,8.315000000000001,17.825,260.15,169.14999999999998,1.98
MS,2017,9,Sep 2017,68.82857142857142,1.8377687556480675,47.53333333333333,1.730539506142366,79,14700,2836.434637964775,1000,3,0.012425,1.0942963974053697,0.19525,0.00195,0.01059999999999999,0.003,0.01359999999999999,8.3875,14.575,286.72499999999997,186.375,2.13
MS,2018,8,Aug 2018,97.54761904761904,1.989216673555242,22.123809523809523,2.231066890220696,87,31500,2836.434637964775,2090,3.3201462861110542,0.02225833333333333,1.347492641973748,0.15575,0.0054875,0.0169,0.0035375,0.02043749999999999,8.28,18.1,271.075,176.14999999999998,3.1199999999999997
MS,2018,9,Sep 2018,66.75714285714285,1.8244977410100565,17.142857142857142,2.231066890220696,122,31500,2836.434637964775,1620,3.2095150145426308,0.0139,1.143014800254095,0.14600000000000002,0.00235,0.017175,0.02285,0.040025,8.42,15.725,296.42499999999995,192.575,2.0774999999999997
MS,2019,7,Jul 2019,122.80060975609756,2.089200523263219,79.84019512195123,1.7875056015337056,63,16200,2836.434637964775,2450,3.3891660843645326,0.0295,1.469822015978163,0.125,0.0245,0.015,0.005,0.02,8.58,17.4,277.29999999999995,180.375,5.13
MS,2019,8,Aug 2019,108.2,2.0342272607705505,53.436190476190475,1.7875056015337056,78,16200,2836.434637964775,1530,3.184691430817599,0.02174999999999999,1.337459261290656,0.1275,0.01924999999999999,0.0175,0.005,0.0225,8.55,17.724999999999998,290.575,189.015,3.6625
MS,2019,9,Sep 2019,101.85,2.007961033336183,29.714285714285715,1.7875056015337056,107,16200,2836.434637964775,1250,3.0969100130080562,0.03024999999999999,1.4807253789884876,0.1525,0.01549999999999999,0.0175,0.016,0.0335,8.4025,15.749999999999998,316.6,205.915,7.1525
MS,2020,7,Jul 2020,39.09814814814815,1.5921561878795865,68.2325925925926,1.9175752035598816,62,20000,2836.434637964775,3290,3.5171958979499744,0.017,1.2304489213782739,0.11,0.006,NA,NA,NA,8.18,18.65,257.5,NA,8.16
MS,2020,8,Aug 2020,119.34666666666666,2.0768102937366644,117.93375,1.9175752035598816,77,20000,2836.434637964775,1970,3.294466226161593,0.0165,1.2174839442139063,0.155,0.00524999999999999,0.007,0.003,0.01,8.2725,18.475,277.4,NA,5.4675
MS,2020,9,Sep 2020,92.82,1.9676415640830112,36.917142857142856,1.9175752035598816,105,20000,2836.434637964775,1480,3.1702617153949575,0.014,1.146128035678238,0.1625,0.00508333333333333,0.0135,0.003,0.0165,8.2425,16.075,311.125,NA,3.345
MS,2021,8,Aug 2021,196.8571428571429,2.2941511775573504,45.19047619047619,1.6821071728698724,61,13500,2836.434637964775,1450,3.161368002234975,0.01474999999999999,1.1687920203141815,0.1125,0.001,0.02,NA,NA,8.510000000000002,18.575,286.625,NA,3.765
MS,2021,9,Sep 2021,103.76190476190476,2.0160379355123363,46.333333333333336,1.6821071728698724,91,13500,2836.434637964775,1270,3.103803720955957,0.01274999999999999,1.1055101847699738,0.1175,NA,0.015,NA,NA,8.2325,15.225,317.1,NA,4.1775
MS,2022,7,Jul 2022,76.607835,1.884273188996257,26.5,1.6083099262404057,36,11800,2836.434637964775,2890,3.4608978427565478,0.042,1.6232492903979006,0.125,0.0195,0.03,0.021,0.051,8.315000000000001,20.5,251.45,NA,5.92
MS,2022,7,Jul 2022,100.66183333333332,2.0028648358495125,32.76190476190476,1.6083099262404057,49,11800,2836.434637964775,1800,3.255272505103306,0.042,1.6232492903979006,0.125,0.0195,0.03,0.021,0.051,8.315000000000001,20.5,251.45,NA,5.92
MS,2022,9,Sep 2022,95.71087619047618,1.980961292020521,40.714285714285715,1.6083099262404057,81,11800,2836.434637964775,1140,3.0569048513364727,0.01016666666666666,1.007178584627123,0.12083333333333336,0.002,0.01666666666666666,0.003,0.01966666666666666,8.415,17.875,295.875,NA,3.435
MS,2023,7,Jul 2023,102.67473684210526,2.011463598419598,51.5435,1.812889393628775,74,16900,2836.434637964775,1870,3.271841606536499,0.01449999999999999,1.1613680022349746,0.112,0.003975,NA,NA,NA,8.436666666666667,18.666666666666668,272.6333333333333,NA,NA
MS,2023,7,Jul 2023,122.47,2.088029717842714,33.83809523809524,1.812889393628775,85,16900,2836.434637964775,1380,3.1398790864012365,0.01449999999999999,1.1613680022349746,0.112,0.003975,NA,NA,NA,8.436666666666667,18.666666666666668,272.6333333333333,NA,NA
MS,2023,9,Sep 2023,121.1995238095238,2.08350091349939,35.67666666666667,1.812889393628775,117,16900,2836.434637964775,1260,3.100370545117563,0.00912499999999999,0.9602328731285119,0.1205,0.0015,0.05333333333333334,0.02,0.07333333333333333,8.3675,15.575,314.75,NA,NA
MS,2025,7,Jul 2025,125.1740270468398,2.097514224398242,147.20298041956298,1.3565011277202048,52,7080,2836.434637964775,1770,3.247973266361807,0.014,1.146128035678238,0.115,0.003,NA,0.003,NA,8.31,NA,273.05,NA,NA
MS,2025,7,Jul 2025,88.46207751937985,1.9467571344978396,47.07364341085274,1.3565011277202048,77,7080,2836.434637964775,848,2.9283958522567137,0.014,1.146128035678238,0.115,0.003,NA,0.003,NA,8.31,NA,273.05,NA,NA
MS,2025,8,Aug 2025,112.5257829457365,2.0512520434086063,54.0697674418605,1.3565011277202048,91,7080,2836.434637964775,877,2.9429995933660407,0.014,1.146128035678238,0.1075,0.003,NA,0.0045,NA,8.3,NA,283,NA,NA
MS,2025,9,Sep 2025,123.4211937984497,2.091389742836525,72.73255813953494,1.3565011277202048,120,7080,2836.434637964775,580,2.7634279935629373,0.01025,1.0107238653917732,0.0925,NA,0.01,0.006,0.016,8.28,NA,299.17499999999995,NA,NA
