Site,Year,Month,date_yearmon,Date_sample,logCHLa,CHLa,AFDM,window_m1,window_m2,TP_mg_L,TN_mg_L,SRP_mg_L,NH4_mg_L,NO3_mg_L,DIN_mg_L,pH,Temp_oC,SPC,TDS,TURBIDITY
BM,2008,8,Aug 2008,2008-08-01,1.7983052820219765,62.85,15.315,7,8,0.018666666666666665,0.2,NA,0.03333333333333333,0.032333333333333325,0.06566666666666665,8.481666666666666,16.333333333333332,249.33333333333334,134.64999999999998,3.8966666666666665
BM,2008,9,Sep 2008,2008-09-01,1.8645110810583918,73.2,13.565,8,9,0.016166666666666666,0.2,NA,0.02833333333333333,0.04416666666666666,0.07249999999999998,8.549166666666668,13.558333333333332,285.08333333333337,153.60833333333335,2.9891666666666667
BM,2009,8,Aug 2009,2009-08-03,1.5797835966168101,38,10.75,7,8,0.019439999999999995,0.21050000000000002,0.007435000000000001,0.007073333333333329,0.03279833333333333,0.03987166666666666,8.305,16.68333333333333,259.83333333333337,137.81666666666666,3.883333333333333
BM,2009,9,Sep 2009,2009-09-07,2.5572206712612977,360.7619047619048,40.7,8,9,0.023529166666666664,0.23804166666666665,0.008719,0.011569,0.043121,0.05469,8.346666666666668,16.4,292.16666666666663,154.86666666666667,2.8266666666666667
BM,2010,8,Aug 2010,2010-08-01,1.8221992238681493,66.4047619047619,20.526315789473685,7,8,0.019616666666666664,0.21000000000000002,0.00758333333333333,0.009249999999999994,0.03478333333333333,0.04403333333333333,7.893333333333333,18.133333333333333,256.1666666666667,136.23333333333332,3.126666666666667
BM,2010,9,Sep 2010,2010-09-10,2.1424788547127305,138.82857142857142,31.95,8,9,0.019658333333333333,0.248875,0.006541666666666665,0.020929166666666665,0.052858333333333334,0.0737875,8.115,15.750000000000002,290.33333333333337,154.3,3.3983333333333334
BM,2011,8,Aug 2011,2011-08-03,1.646263653820016,44.285714285714285,13.095238095238097,7,8,0.02725,0.17866666666666667,0.01136666666666666,0.01811666666666666,0.02661666666666666,0.04473333333333332,8.348333333333333,15.3,221.28333333333333,143.86666666666667,4.933333333333334
BM,2011,9,Sep 2011,2011-09-05,1.5947607525864629,39.333333333333336,8.428571428571429,8,9,0.01698333333333333,0.18666666666666665,0.00853333333333333,0.01588333333333333,0.04018333333333333,0.056066666666666654,8.395833333333332,14.225000000000001,257.9083333333333,167.61666666666667,2.09
BM,2012,8,Aug 2012,2012-08-02,1.515369143501592,32.76190476190476,12.047619047619047,7,8,0.016695,0.23093333333333332,0.005889999999999999,0.01567,0.028429999999999997,0.0441,8.256666666666668,17.05,238.81666666666666,155.11666666666667,2.2083333333333335
BM,2012,9,Sep 2012,2012-09-03,2.207852274103459,161.38095238095238,27.80952380952381,8,9,0.01399333333333333,0.20704499999999998,0.0035166666666666653,0.0086125,0.03873666666666667,0.04734916666666667,8.27,14.291666666666666,250.775,162.925,2.200833333333333
BM,2013,8,Aug 2013,2013-08-01,1.358116218680644,22.80952380952381,8.047619047619047,7,8,0.012972499999999994,0.24397249999999998,0.0035125,0.0136725,0.027049999999999998,0.040722499999999995,8.3525,18.174999999999997,258.95,168.325,2.49
BM,2013,9,Sep 2013,2013-09-02,1.9107768156582345,81.42857142857143,14.476190476190476,8,9,0.015377499999999999,0.2493858333333333,0.0055508333333333295,0.013594166666666664,0.0367375,0.05033166666666666,8.3875,16.325,282.1,183.27499999999998,2.7125
BM,2014,7,Jul 2014,2014-07-31,1.6450083598758714,44.1578947368421,14.636842105263158,6,7,0.02025,0.14500000000000002,0.00825,NA,0.0093,NA,8.129999999999999,16.950000000000003,228.75,148.85,3.79
BM,2014,9,Sep 2014,2014-09-01,2.0922526548953835,123.66666666666669,19.53809523809524,8,9,0.0168,0.19,0.006874999999999996,0.0118,0.024399999999999998,0.036199999999999996,8.127500000000001,15.375,308.925,200.675,2.335
BM,2015,7,Jul 2015,2015-07-04,2.35817288180055,228.125,64.375,6,7,0.0132,0.2065,0.0023,0.0075,0.01145,0.01895,8.395,18.9,222.05,144.3,1.465
BM,2015,8,Aug 2015,2015-08-03,2.001032805437768,100.23809523809524,24.761904761904763,7,8,0.016225,0.217,0.0021999999999999997,0.0098,0.0165,0.0263,8.37,17.6,251.775,163.625,2.1825
BM,2015,9,Sep 2015,2015-09-07,1.8827142276202256,76.33333333333333,16.333333333333332,8,9,0.019950000000000002,0.23925000000000002,0.00245,0.01155,0.0211,0.03265,8.39,14.9,291.175,189.27499999999998,3.83
BM,2016,7,Jul 2016,2016-07-03,2.5718129960648124,373.08947368421053,92.34157894736842,6,7,0.01385,0.1635,0.00166666666666666,0.00789999999999999,0.0113,0.019199999999999988,8.34,16.75,244.85,159.25,1.63
BM,2016,7,Jul 2016,2016-07-24,2.157931430539361,143.85714285714286,50.22380952380952,6,7,0.01385,0.1635,0.00166666666666666,0.00789999999999999,0.0113,0.019199999999999988,8.34,16.75,244.85,159.25,1.63
BM,2016,9,Sep 2016,2016-09-02,2.4560043320321774,285.76190476190476,51.023809523809526,8,9,0.022525,0.23925000000000002,0.0020499999999999997,0.012924999999999999,0.0315,0.044425,8.2925,13.425,275.92499999999995,179.375,5.965
BM,2017,7,Jul 2017,2017-07-04,1.1304869317771096,13.504761904761905,5.071428571428571,6,7,0.01593333333333333,0.15366666666666667,0.00426666666666666,0.010675,0.01076666666666666,0.02144166666666666,8.085,17.5,249.05,161.8,2.2649999999999997
BM,2017,8,Aug 2017,2017-08-05,1.3977745316336847,24.99047619047619,6.585714285714285,7,8,0.015766666666666665,0.17483333333333334,0.0040833333333333294,0.011612500000000001,0.021283333333333324,0.032895833333333326,8.135000000000002,17,261.025,169.625,2.025
BM,2017,9,Sep 2017,2017-09-01,2.245112970620447,175.83809523809524,47.01904761904762,8,9,0.016274999999999998,0.21225,0.003999999999999995,0.010825000000000001,0.029949999999999994,0.04077499999999999,8.1375,14.325,288.1,187.225,2.435
BM,2018,8,Aug 2018,2018-08-05,1.6284964819284995,42.51052631578948,11.463157894736842,7,8,0.020924999999999996,0.18025,0.006775,0.03095,0.021475,0.052425,8.252500000000001,16.75,269.275,175,2.755
BM,2018,9,Sep 2018,2018-09-10,2.171322400433563,148.36190476190475,23.266666666666666,8,9,0.01595833333333333,0.20091666666666666,0.00355833333333333,0.020483333333333333,0.03344166666666666,0.053924999999999994,8.2875,14.975000000000001,298.125,193.725,2.1
BM,2019,8,Aug 2019,2019-08-03,1.6465507536403412,44.315,15.06725,7,8,0.023666666666666662,0.15333333333333332,0.02158333333333333,0.025,0.032083333333333325,0.057083333333333326,8.584999999999999,17.424999999999997,285.525,185.74,3.6425
BM,2019,9,Sep 2019,2019-09-03,2.4038066105474227,253.4,58.55,8,9,0.029999999999999995,0.18,0.015,0.0225,0.039,0.0615,8.479999999999999,16.075,311.35,202.725,6.2975
BM,2020,8,Aug 2020,2020-08-04,1.741433005251771,55.135714285714286,17.420952380952382,7,8,0.018249999999999995,0.14250000000000002,0.0045000000000000005,NA,0.017,NA,8.26,17.9,269.32500000000005,NA,3.3925
BM,2020,9,Sep 2020,2020-09-02,2.065899676296386,116.38571428571429,24.883333333333333,8,9,0.015916666666666662,0.15583333333333335,0.005,0.02,0.025,0.045,8.1525,15.65,291.85,NA,2.9875
BM,2021,7,Jul 2021,2021-07-14,1.7584071921878865,57.333333333333336,16.38095238095238,6,7,0.015,0.13,0.001,0.02,0.02,0.04,8.440000000000001,17.6,262.35,NA,2.045
BM,2021,8,Aug 2021,2021-08-02,1.7722518339077256,59.19047619047619,14.047619047619047,7,8,0.010999999999999994,0.14500000000000002,0.001,0.02,0.0175,0.037500000000000006,8.387500000000001,17,280.52500000000003,NA,3.2675
BM,2022,7,Jul 2022,2022-07-20,1.6199632847808023,41.683414285714285,15.285714285714286,6,7,0.019,0.14,0.004,NA,0.01,NA,7.99,17.4,237.6,NA,6.14
BM,2022,7,Jul 2022,2022-07-30,1.8197972001279876,66.0385,18.142857142857142,6,7,0.019,0.14,0.004,NA,0.01,NA,7.99,17.4,237.6,NA,6.14
BM,2022,9,Sep 2022,2022-09-02,2.065071789581757,116.16406190476192,21.047619047619047,8,9,0.023083333333333334,0.2025,0.01,0.02,0.033,0.053000000000000005,8.324166666666667,17.725,289.975,NA,3.230833333333333
BM,2023,7,Jul 2023,2023-07-17,1.6657953383512714,46.322857142857146,17.728,6,7,0.01375,0.1825,0.004,NA,0.025,NA,8.446666666666667,18.166666666666668,277.1666666666667,NA,NA
BM,2023,7,Jul 2023,2023-07-31,1.4833427273541508,30.43285714285714,8.468571428571428,6,7,0.01375,0.1825,0.004,NA,0.025,NA,8.446666666666667,18.166666666666668,277.1666666666667,NA,NA
BM,2023,9,Sep 2023,2023-09-01,2.046526750941945,111.30809523809523,21.763809523809524,8,9,0.009999999999999998,0.15000000000000002,0.002,0.05,0.0225,0.07250000000000001,8.55,16.05,313.5,NA,NA
BM,2025,7,Jul 2025,2025-07-03,2.154473648956207,142.71632336655597,59.10852713178291,6,7,0.019,0.18,0.002,0.02,0.044,0.064,8.379999999999999,NA,267.65,NA,NA
BM,2025,7,Jul 2025,2025-07-28,1.5086439360221482,32.2584826873385,10.426356589147291,6,7,0.019,0.18,0.002,0.02,0.044,0.064,8.379999999999999,NA,267.65,NA,NA
BM,2025,8,Aug 2025,2025-08-11,1.9879193806641886,97.25666666666666,25.23696264975336,7,8,0.01725,0.18,0.002,0.02,0.052,0.072,8.44,NA,278.79999999999995,NA,NA
BM,2025,9,Sep 2025,2025-09-09,1.9082446336061547,80.9551782945736,22.24806201550388,8,9,0.0125,0.1875,NA,NA,0.07525,NA,8.465,NA,296.7,NA,NA
BN,2008,8,Aug 2008,2008-08-01,2.0521165505499983,112.75,103.72,7,8,0.0315,0.21666666666666667,NA,0.02,0.005833333333333329,0.02583333333333333,8.59,17.733333333333334,439.33333333333337,233.35000000000002,3.835
BN,2008,9,Sep 2008,2008-09-01,2.414093318324401,259.4736842105263,61.085,8,9,0.0265,0.2,NA,0.01,0.006166666666666665,0.016166666666666666,8.643333333333334,14.908333333333333,480.5,255.08333333333334,4.364166666666667
BN,2009,8,Aug 2009,2009-08-01,2.1609399149830604,144.85714285714286,111.7,7,8,0.04470208333333334,0.268125,0.015671666666666664,0.008523333333333325,0.00616125,0.014684583333333326,8.318333333333335,18.516666666666666,399,211.96666666666664,7.168333333333333
BN,2009,9,Sep 2009,2009-09-06,2.353375761652827,225.6190476190476,56.35,8,9,0.030218333333333333,0.2535,0.010659999999999996,0.00932666666666666,0.008506666666666666,0.017833333333333326,8.416666666666668,17.833333333333332,451.5,239.83333333333331,4.641666666666667
BN,2010,8,Aug 2010,2010-08-01,1.792317949030821,61.98947368421053,68.6842105263158,7,8,0.0414,0.22945833333333332,0.021399999999999995,0.008624999999999999,0.00577083333333333,0.01439583333333333,7.976666666666667,19.1,399.5,212.0666666666667,3.7983333333333333
BN,2010,9,Sep 2010,2010-09-10,2.141001585040873,138.35714285714286,82.45,8,9,0.03275,0.22583333333333333,0.0162,0.0068249999999999995,0.00343333333333333,0.01025833333333333,8.14,17.016666666666666,445.83333333333337,238.16666666666669,3.2283333333333335
BN,2011,8,Aug 2011,2011-08-01,1.5425142162816539,34.875,16.444444444444443,7,8,0.054066666666666666,0.23083333333333333,0.02418333333333333,0.009216666666666665,0.01155,0.020766666666666662,8.308333333333334,16.9,336.41666666666663,218.71666666666664,7.581666666666667
BN,2011,9,Sep 2011,2011-09-03,1.8423318237711048,69.55555555555556,17.2,8,9,0.040475,0.20891666666666664,0.02135,0.00715,0.004391666666666665,0.011541666666666665,8.393333333333334,15.075,399.8666666666667,259.9583333333333,3.293333333333334
BN,2012,7,Jul 2012,2012-07-31,2.33474088800893,216.1428571428571,122.76190476190476,6,7,0.027329999999999997,0.26558333333333334,0.013656666666666664,0.00889833333333333,0.00289833333333333,0.01179666666666666,8.395,16.883333333333333,361.52500000000003,235.0583333333333,3.6399999999999997
BN,2012,9,Sep 2012,2012-09-01,2.2249213455840313,167.85,71.28571428571429,8,9,0.017375833333333333,0.2504575,0.0041683333333333294,0.00976,0.005759999999999995,0.015519999999999996,8.270833333333334,15.225,464.475,302.03333333333336,2.5700000000000003
BN,2013,6,Jun 2013,2013-06-28,1.99563519459755,99,78.0952380952381,6,7,0.01542,0.31027333333333335,0.00556,0.01807666666666666,0.011175,0.029251666666666662,8.3,19,446.4,289.9,2.075
BN,2013,8,Aug 2013,2013-08-04,2.0490333343910203,111.95238095238096,60.61904761904762,7,8,0.0147475,0.2619841666666667,0.006095,0.01419083333333333,0.006767499999999999,0.02095833333333333,8.307500000000001,18.275,476.95,309.9,2.265
BN,2013,9,Sep 2013,2013-09-01,2.077800340331239,119.61904761904762,63.476190476190474,8,9,0.02142,0.22493000000000002,0.00682,0.0108,0.0017925,0.012592500000000001,8.297500000000001,16.65,513.75,333.95,4.8425
BN,2014,8,Aug 2014,2014-08-03,2.198157035682248,157.8181818181818,128.78636363636363,7,8,0.03986666666666666,0.23841666666666667,0.02030833333333333,0.01765,0.00455833333333333,0.02220833333333333,8.2075,18.525,463.375,301.275,4.925
BN,2014,8,Aug 2014,2014-08-31,1.9981347380837524,99.57142857142856,27.247619047619047,7,8,0.03986666666666666,0.23841666666666667,0.02030833333333333,0.01765,0.00455833333333333,0.02220833333333333,8.2075,18.525,463.375,301.275,4.925
BN,2015,7,Jul 2015,2015-07-01,1.8382492363851182,68.9047619047619,97.76190476190476,6,7,0.01,0.24533333333333335,0.00245,0.00755,0.00233333333333333,0.00988333333333333,8.239999999999998,19.15,395,256.75,1.245
BN,2015,8,Aug 2015,2015-08-01,2.2532168125021292,179.15,151.9,7,8,0.015574999999999999,0.25316666666666665,0.002175,0.01035,0.002591666666666665,0.012941666666666664,8.2275,17.7,449.625,292.175,2.705
BN,2015,9,Sep 2015,2015-09-07,1.7562375233193734,57.04761904761905,26.52380952380953,8,9,0.029074999999999997,0.30725,0.003475,0.013774999999999999,0.002275,0.01605,8.285,14.625,492,319.65,5.720000000000001
BN,2016,7,Jul 2016,2016-07-05,2.2581146135422627,181.1818181818182,221.86045454545456,6,7,0.00879999999999999,0.21166666666666667,0.00123333333333333,0.00803333333333333,0.00163333333333333,0.00966666666666666,8.135,17.3,465.15,302.3,0.94
BN,2016,7,Jul 2016,2016-07-30,2.2820931765145813,191.46666666666667,115.64666666666666,6,7,0.00879999999999999,0.21166666666666667,0.00123333333333333,0.00803333333333333,0.00163333333333333,0.00966666666666666,8.135,17.3,465.15,302.3,0.94
BN,2016,9,Sep 2016,2016-09-04,1.98350327494926,96.27272727272728,60.10454545454545,8,9,0.0621,0.41475000000000006,0.006725,0.029874999999999995,0.017025,0.0469,8.41,14.5,493.625,320.92499999999995,21.83
BN,2017,7,Jul 2017,2017-07-05,1.3371655213525706,21.735294117647054,24.08235294117647,6,7,0.03304999999999999,0.225,0.01265,0.01745,0.00469999999999999,0.02214999999999999,8.260000000000002,19.85,445.25,289.55,2.985
BN,2017,8,Aug 2017,2017-08-02,1.4126605080587082,25.86190476190476,16.042857142857144,7,8,0.023874999999999993,0.24874999999999997,0.0073,0.016324999999999996,0.005824999999999995,0.02214999999999999,8.2825,18.85,476.35,309.70000000000005,2.3125
BN,2017,9,Sep 2017,2017-09-03,1.7668022060610868,58.45238095238096,31.16190476190476,8,9,0.023749999999999993,0.3035,0.00435,0.013299999999999996,0.00895,0.022249999999999995,8.265,15.375,506.875,329.52500000000003,3.4575
BN,2018,8,Aug 2018,2018-08-04,1.3868809868172474,24.37142857142857,27.97142857142857,7,8,0.039891666666666666,0.22866666666666668,0.014666666666666661,0.012150000000000001,0.005112500000000001,0.0172625,8.3,19.225,409.05000000000007,266,3.8775000000000004
BN,2018,9,Sep 2018,2018-09-04,1.8144378671399597,65.22857142857143,14.676190476190476,8,9,0.02775,0.22800000000000004,0.007124999999999994,0.020874999999999998,0.0045000000000000005,0.025374999999999998,8.42,16.55,453.65,295.1,2.4
BN,2019,7,Jul 2019,2019-07-14,1.8896142230732254,77.55578947368421,123.4242105263158,6,7,0.0445,0.185,0.039,0.01365,0.005,0.01865,8.58,18.65,423.5,275.275,4.51
BN,2019,7,Jul 2019,2019-07-31,1.802563234808319,63.46923076923077,35.377538461538464,6,7,0.0445,0.185,0.039,0.01365,0.005,0.01865,8.58,18.65,423.5,275.275,4.51
BN,2019,8,Aug 2019,2019-08-30,2.0705919315120402,117.65,55.81333333333333,7,8,0.03608333333333333,0.1875,0.03283333333333333,0.021825,0.004,0.025825,8.605,19.7,417.75,270.5625,4.06
BN,2020,7,Jul 2020,2020-07-24,1.744969329578406,55.5865,77.21176470588236,6,7,0.027,0.15,0.009,NA,NA,NA,8.195,19.5,378.8,NA,5.015000000000001
BN,2020,8,Aug 2020,2020-08-05,1.8413177494805297,69.39333333333333,27.51904761904762,7,8,0.02225,0.1775,0.00875,NA,NA,NA,8.2975,19.525,429.975,NA,4.015000000000001
BN,2020,9,Sep 2020,2020-09-01,2.159847809976048,144.49333333333334,29.92238095238095,8,9,0.021249999999999998,0.19,0.00975,0.02,NA,NA,8.315000000000001,16.5,480.29999999999995,NA,4.1375
BN,2021,7,Jul 2021,2021-07-13,2.27014927324297,186.27272727272728,137.13636363636363,6,7,0.0175,0.23,0.005,0.03,0.005,0.034999999999999996,8.670000000000002,21.65,548.7,NA,2.6100000000000003
BN,2021,8,Aug 2021,2021-08-03,2.2671717284030137,185,96.42857142857144,7,8,0.018250000000000002,0.21500000000000002,0.005,0.025,0.005,0.030000000000000002,8.662500000000001,20.775,531.075,NA,3.6025
BN,2021,9,Sep 2021,2021-09-01,2.268956655577872,185.76190476190476,66.61904761904762,8,9,0.01925,0.19,8e-4,0.02,NA,NA,8.5525,15.924999999999999,520.925,NA,4.6274999999999995
BN,2022,7,Jul 2022,2022-07-15,1.825310333751172,66.88216666666666,62.61904761904762,6,7,0.06,0.21,0.0225,NA,0.021,NA,8.395,22.05,441,NA,8.14
BN,2022,8,Aug 2022,2022-08-03,2.161512586104425,145.04828095238096,39.714285714285715,7,8,0.03966666666666666,0.19333333333333333,0.013083333333333329,0.01333333333333333,0.013000000000000001,0.026333333333333334,8.435,22.225,480.45,NA,6.265000000000001
BN,2022,9,Sep 2022,2022-09-01,1.9439688526931616,87.89594761904762,43.23809523809524,8,9,0.017916666666666664,0.19833333333333336,0.00255833333333333,0.01333333333333333,0.005,0.01833333333333333,8.435,19.475,525.9000000000001,NA,4.21
BN,2023,7,Jul 2023,2023-07-18,1.7092093687913024,51.19285714285714,43.23952380952381,6,7,0.0325,0.2,0.01049999999999999,NA,NA,NA,8.5,20.15,424.25,NA,NA
BN,2023,8,Aug 2023,2023-08-01,1.9887988205991707,97.45380952380953,27.597619047619048,7,8,0.02875,0.22,0.0074999999999999945,NA,NA,NA,8.55,20.75,455.125,NA,NA
BN,2023,9,Sep 2023,2023-09-02,2.0327396052094935,107.83,35.794285714285714,8,9,0.022999999999999996,0.22749999999999998,0.0034999999999999996,0.04,NA,NA,8.64,19.25,496,NA,NA
BN,2025,7,Jul 2025,2025-07-25,2.111884216381459,129.38508527131788,53.12015503875968,6,7,0.0158,0.2,0.0015,NA,0.0055,NA,8.74,NA,462.7,NA,NA
BN,2025,8,Aug 2025,2025-08-14,2.1833716472868505,152.53575193798446,67.24806201550386,7,8,0.01673333333333333,0.18666666666666668,0.0015,NA,0.00575,NA,8.7025,NA,477.5,NA,NA
BN,2025,9,Sep 2025,2025-09-10,2.1024866749216744,126.61544186046508,56.02713178294572,8,9,0.01433333333333333,0.37666666666666665,NA,NA,0.006,NA,8.5575,NA,494.35,NA,NA
DL,2008,8,Aug 2008,2008-08-01,2.2357087643201052,172.07142857142858,79.77142857142857,7,8,0.033375,0.2541666666666667,NA,0.015,0.043625,0.058625,8.743333333333332,17.733333333333334,390.8333333333333,207.34999999999997,3.205
DL,2008,9,Sep 2008,2008-09-01,2.3028718360676903,200.85,45.145,8,9,0.02175,0.2416666666666667,NA,0.01,0.058499999999999996,0.06849999999999999,8.919166666666666,13.966666666666669,460.66666666666663,246.83333333333331,2.865
DL,2009,8,Aug 2009,2009-08-01,2.257792817795505,181.04761904761904,51.1,7,8,0.03703041666666666,0.326125,0.013759,0.009068,0.060303666666666665,0.06937166666666666,8.606666666666667,18.78333333333333,361,182.58333333333331,4.623333333333333
DL,2009,9,Sep 2009,2009-09-06,2.701485747888118,502.9047619047619,91.8,8,9,0.023746666666666666,0.3123333333333333,0.009,0.010738333333333329,0.06339499999999999,0.07413333333333333,8.635000000000002,18.583333333333336,421.83333333333337,224,2.8933333333333335
DL,2010,8,Aug 2010,2010-08-01,1.7393224626929662,54.86842105263158,39.375,7,8,0.06181666666666667,0.29991666666666666,0.027645833333333335,0.0093,0.040737499999999996,0.0500375,8.353333333333335,19.28333333333333,337,179.05,5.79
DL,2010,9,Sep 2010,2010-09-10,2.1922049254145897,155.67,46,8,9,0.05831666666666667,0.3211666666666667,0.026916666666666665,0.0077833333333333305,0.05866666666666667,0.06645000000000001,8.458333333333334,17.4,400.33333333333337,212.6833333333333,5.613333333333333
DL,2011,8,Aug 2011,2011-08-01,1.8207955055201759,66.19047619047619,16.238095238095237,7,8,0.05665,0.293875,0.026466666666666666,0.014941666666666666,0.06774583333333332,0.0826875,8.274999999999999,15.75,281.1166666666667,182.86666666666667,7.693333333333333
DL,2011,9,Sep 2011,2011-09-03,1.6509357353922989,44.76470588235294,11.11111111111111,8,9,0.039675,0.31775,0.021416666666666664,0.012966666666666665,0.10185833333333333,0.114825,8.395833333333332,13.958333333333332,346.275,225.25833333333333,3.4658333333333333
DL,2012,7,Jul 2012,2012-07-31,2.041768535014572,110.0952380952381,50.04761904761905,6,7,0.03853375,0.3069925,0.013862499999999995,0.016438749999999995,0.04661,0.06304874999999999,8.433333333333334,16.533333333333335,297.0916666666667,193.075,3.791666666666667
DL,2012,9,Sep 2012,2012-09-01,2.25699248549758,180.71428571428572,58.333333333333336,8,9,0.01992583333333333,0.3821791666666666,0.00585583333333333,0.008091666666666665,0.09786666666666666,0.10595833333333332,8.434999999999999,14.425,408.7416666666667,265.7833333333333,2.1083333333333334
DL,2013,6,Jun 2013,2013-06-28,2.388988785124714,244.9,71.35,6,7,0.028665,0.34142,0.01218,0.015905,0.067495,0.0834,8.425,19.1,449.7999999999999,292.5,2.4299999999999997
DL,2013,8,Aug 2013,2013-08-04,2.5204157642329066,331.44827586206895,110.57142857142856,7,8,0.02390083333333333,0.42216833333333337,0.010386666666666666,0.017110833333333332,0.12304083333333334,0.14015166666666667,8.34,18.05,475.025,308.9,2.6174999999999997
DL,2013,9,Sep 2013,2013-09-01,2.2256074585188346,168.1153846153846,80.96153846153847,8,9,0.01996083333333333,0.47741083333333334,0.008634166666666665,0.016680833333333332,0.18870833333333334,0.20538916666666668,8.2425,15.95,498.6,324.17499999999995,3.4299999999999997
DL,2014,8,Aug 2014,2014-08-03,2.447351869543118,280.125,95.16666666666669,7,8,0.0324,0.32899999999999996,0.013574999999999995,0.012625,0.056175,0.0688,8.3025,18.175,378.82500000000005,246.37500000000003,4.3375
DL,2014,8,Aug 2014,2014-08-31,2.209897821514885,162.14285714285714,30.80952380952381,7,8,0.0324,0.32899999999999996,0.013574999999999995,0.012625,0.056175,0.0688,8.3025,18.175,378.82500000000005,246.37500000000003,4.3375
DL,2015,7,Jul 2015,2015-07-01,2.276242905740231,188.9047619047619,74.19047619047619,6,7,0.0197,0.3285,0.0042,0.01084999999999999,0.0503,0.06114999999999999,8.305,17.8,354.05,230.1,2.565
DL,2015,8,Aug 2015,2015-08-01,2.3715955591554976,235.28571428571428,103.14285714285714,7,8,0.016125,0.36725,0.003275,0.010258333333333324,0.10496666666666668,0.11522500000000001,8.309999999999999,16.125,409.425,266.175,1.9475
DL,2015,9,Sep 2015,2015-09-05,2.199702950149581,158.38095238095238,50.857142857142854,8,9,0.015775,0.3975,0.002425,0.01210833333333333,0.12436666666666668,0.136475,8.35,13.075,467.95000000000005,304.2,2.3475
DL,2016,7,Jul 2016,2016-07-05,2.4701230403143803,295.20454545454544,110.05272727272728,6,7,0.0194,0.2945,0.0036,0.012,0.0387,0.050699999999999995,8.285,16.05,400.2,260.29999999999995,1.9
DL,2016,7,Jul 2016,2016-07-30,2.687949166132198,487.4714285714286,127.59761904761903,6,7,0.0194,0.2945,0.0036,0.012,0.0387,0.050699999999999995,8.285,16.05,400.2,260.29999999999995,1.9
DL,2016,9,Sep 2016,2016-09-04,2.4161251653705738,260.6904761904762,81.25,8,9,0.01435,0.4235,0.002425,0.019416666666666665,0.2192,0.23861666666666667,8.2075,11.925,456.7,296.725,1.685
DL,2017,7,Jul 2017,2017-07-05,2.025208303884622,105.97619047619048,53.1,6,7,0.024,0.2595,0.0081,0.01275,0.02725,0.04,8.22,18.6,363.45,236.25,2.29
DL,2017,8,Aug 2017,2017-08-02,2.28009034415434,190.5857142857143,99.56190476190476,7,8,0.020433333333333335,0.39508333333333334,0.0059499999999999996,0.013341666666666665,0.13399166666666668,0.14733333333333334,8.1775,17.3,392.475,255.125,1.795
DL,2017,9,Sep 2017,2017-09-03,1.8857380482390178,76.86666666666667,61.25238095238095,8,9,0.01735833333333333,0.5218333333333334,0.0036,0.012016666666666665,0.22669166666666668,0.23870833333333336,8.16,13.325,446.3,290.075,1.75
DL,2018,8,Aug 2018,2018-08-04,1.8796692056320534,75.8,43.48461538461538,7,8,0.0375,0.3265,0.012099999999999996,0.015449999999999995,0.073625,0.08907499999999999,8.1725,15.75,356.025,231.4,3.76
DL,2018,9,Sep 2018,2018-09-04,1.8705989623143757,74.23333333333333,28.595238095238095,8,9,0.029016666666666663,0.371,0.0067,0.017241666666666666,0.11510000000000001,0.13234166666666666,8.1675,12.725,426.7249999999999,277.425,2.8175
DL,2019,7,Jul 2019,2019-07-14,2.417314624877179,261.40544217685715,62.647165532857144,6,7,0.034,0.235,0.0255,0.025,0.0295,0.0545,8.85,18.05,345.4,224.575,3.23
DL,2019,7,Jul 2019,2019-07-31,2.1540131601842063,142.56507936509524,71.09795918366666,6,7,0.034,0.235,0.0255,0.025,0.0295,0.0545,8.85,18.05,345.4,224.575,3.23
DL,2019,8,Aug 2019,2019-08-30,2.2763991308948737,188.97272727273912,75.89090909091304,7,8,0.02975,0.29,0.026999999999999996,0.0275,0.08600000000000001,0.1135,8.6725,18.85,391.35,254.475,3.075
DL,2020,7,Jul 2020,2020-07-24,2.0129580794913497,103.02866666666668,33.006,6,7,0.023,0.17,0.006,NA,0.016,NA,8.469999999999999,19.1,364.0499999999999,NA,3.4400000000000004
DL,2020,8,Aug 2020,2020-08-05,2.4383039751595437,274.349375,75.960625,7,8,0.02,0.23249999999999998,0.006500000000000001,NA,0.0465,NA,8.2925,17.85,404.3499999999999,NA,2.9325
DL,2020,9,Sep 2020,2020-09-01,2.008076756680502,101.87714285714286,38.15952380952381,8,9,0.015,0.27416666666666667,0.007666666666666665,0.02,0.08333333333333334,0.10333333333333335,8.127500000000001,14.675,465.025,NA,1.8649999999999998
DL,2021,7,Jul 2021,2021-07-13,2.0807295346104855,120.42857142857144,41.904761904761905,6,7,0.021,0.33499999999999996,0.002,0.03,0.114,0.14400000000000002,8.440000000000001,19.35,453.15,NA,2.77
DL,2021,8,Aug 2021,2021-08-03,2.144796523704516,139.57142857142858,37.19047619047619,7,8,0.019000000000000003,0.3325,0.002,0.03,0.10350000000000001,0.1335,8.435,18.075000000000003,483.59999999999997,NA,2.9
DL,2021,9,Sep 2021,2021-09-01,2.2679535368623953,185.33333333333337,53.19047619047619,8,9,0.0145,0.32000000000000006,NA,0.025,0.106,0.131,8.31,13.225000000000001,523.325,NA,3.005
DL,2021,9,Sep 2021,2021-09-03,1.1287222843384268,13.45,8.428571428571429,8,9,0.0145,0.32000000000000006,NA,0.025,0.106,0.131,8.31,13.225000000000001,523.325,NA,3.005
DL,2022,7,Jul 2022,2022-07-15,2.27378638021132,187.839265,33.55,6,7,0.045,0.21333333333333335,0.002,0.03,0.0135,0.0435,8.41,20.5,430.6,NA,2.5700000000000003
DL,2022,8,Aug 2022,2022-08-03,2.245362108918799,175.93899583333334,87.08333333333333,7,8,0.028499999999999998,0.25666666666666665,0.00195,0.0225,0.064,0.0865,8.39,19.975,460.32499999999993,NA,1.9575000000000002
DL,2022,9,Sep 2022,2022-09-03,2.3191564637058466,208.5242,201.69565217391303,8,9,0.01,0.34750000000000003,0.0014,0.015,0.132,0.14700000000000002,8.325000000000001,16.775,513.675,NA,1.6425
DL,2023,7,Jul 2023,2023-07-18,2.268567571986247,185.59555555555556,80.3711111111111,6,7,0.025,0.24,0.0055,NA,0.015,NA,8.469999999999999,17.15,403.5,NA,NA
DL,2023,8,Aug 2023,2023-08-01,2.23621721668276,172.273,72.1505,7,8,0.02475,0.265,0.004999999999999999,NA,0.0425,NA,8.385,17.2,432.25,NA,NA
DL,2023,9,Sep 2023,2023-09-02,2.1143726620608505,130.12857142857143,63.77809523809524,8,9,0.018500000000000003,0.28,0.003,0.05,0.0625,0.1125,8.325000000000001,15.125,480.75,NA,NA
DL,2025,7,Jul 2025,2025-07-25,2.5831036970593257,382.9161617932214,123.65569363792888,6,7,0.01049999999999999,0.19,NA,NA,0.032,NA,8.805,NA,430.6,NA,NA
DL,2025,8,Aug 2025,2025-08-14,2.255857757417727,180.2427302999929,99.91603773890677,7,8,0.014749999999999996,0.24250000000000002,0.001,0.009,0.07925,0.08825,8.5825,NA,431.65,NA,NA
DL,2025,9,Sep 2025,2025-09-10,2.2168122646262045,164.7450083338321,49.40177781165357,8,9,0.014249999999999999,0.3375,0.001,0.009,0.10375000000000001,0.11275,8.41,NA,463.525,NA,NA
FH,2008,8,Aug 2008,2008-08-01,0.6368220975871743,4.333333333333333,3.295,7,8,0.01125,0.14166666666666666,NA,0.01,0.0155,0.025500000000000002,8.581666666666667,20.116666666666667,197.21666666666667,104.65,2.6083333333333334
FH,2008,9,Sep 2008,2008-09-01,1.1238516409670858,13.3,4.15,8,9,0.009000000000000001,0.16666666666666669,NA,0.01,0.015,0.025,8.770833333333332,17.958333333333336,229,121.66666666666666,1.5666666666666667
FH,2009,8,Aug 2009,2009-08-02,1.3626260669104933,23.047619047619047,7.6,7,8,0.01016708333333333,0.137125,0.00367875,0.007568999999999999,0.00664625,0.014215249999999999,8.483333333333333,21.26666666666667,215.8,114.63333333333334,1.9583333333333335
FH,2009,9,Sep 2009,2009-09-05,1.7128099874684488,51.61904761904762,19.1,8,9,0.00898708333333333,0.147625,0.00331375,0.00892525,0.00709375,0.016019,8.588333333333333,20.300000000000004,242.66666666666669,128.96666666666667,1.33
FH,2010,8,Aug 2010,2010-08-01,1.583919765803449,38.36363636363637,15.666666666666666,7,8,0.01080416666666666,0.18625,0.00415833333333333,0.007591666666666665,0.007883333333333329,0.015474999999999994,8.316666666666666,21.966666666666665,214.45,114.04999999999998,1.6549999999999998
FH,2010,9,Sep 2010,2010-09-10,1.5671384421550123,36.90952380952381,24,8,9,0.010237499999999995,0.16208333333333336,0.0033750000000000004,0.007775000000000001,0.00858333333333333,0.01635833333333333,8.476666666666667,19.6,239.5,127.43333333333331,1.5633333333333332
FH,2011,8,Aug 2011,2011-08-02,1,10,6.944444444444445,7,8,0.01905,0.13130750000000002,0.006062499999999995,0.009866666666666666,0.013408333333333326,0.02327499999999999,8.335,17.583333333333332,170.58333333333334,110.85,5.140000000000001
FH,2011,9,Sep 2011,2011-09-04,1.1747103533392957,14.952380952380953,6.666666666666667,8,9,0.011675,0.1338075,0.004512499999999995,0.008125,0.01479999999999999,0.02292499999999999,8.484166666666667,16.758333333333333,209.93333333333334,136.44166666666666,1.2083333333333335
FH,2012,8,Aug 2012,2012-08-01,1.20712549279565,16.11111111111111,16.14,7,8,0.008834999999999996,0.16777916666666665,0.0037033333333333297,0.009804999999999994,0.009714166666666666,0.01951916666666666,8.406666666666666,19.449999999999996,191.09999999999997,124.25,1.24
FH,2012,9,Sep 2012,2012-09-02,1.289177168868981,19.46153846153846,10.6,8,9,0.007989999999999995,0.18111,0.002958333333333325,0.006866666666666665,0.010335,0.017201666666666664,8.518333333333334,17.15833333333333,209.33333333333331,136.23333333333335,1.0291666666666668
FH,2013,7,Jul 2013,2013-07-31,1.3295431526461916,21.357142857142858,8.823529411764707,6,7,0.00886666666666666,0.15458666666666668,0.00388333333333333,NA,0.01160666666666666,NA,8.453333333333333,20.8,211.66666666666663,137.56666666666666,1.0833333333333333
FH,2013,8,Aug 2013,2013-08-31,1.1923284579263669,15.571428571428571,7.25,7,8,0.00895333333333333,0.15295333333333333,0.003706666666666665,0.00873,0.01100583333333333,0.019735833333333327,8.449166666666667,20.15,219.33333333333331,142.55833333333334,1.0491666666666666
FH,2014,8,Aug 2014,2014-08-01,1.5360991146790004,34.36363636363637,15.125,7,8,0.011841666666666665,0.16883333333333334,0.00433333333333333,0.0114,0.009966666666666665,0.021366666666666666,8.053333333333335,18.85,195.54166666666669,127.05833333333334,2.5700000000000003
FH,2014,8,Aug 2014,2014-08-30,1.2257790432447888,16.818181818181817,11.304545454545456,7,8,0.011841666666666665,0.16883333333333334,0.00433333333333333,0.0114,0.009966666666666665,0.021366666666666666,8.053333333333335,18.85,195.54166666666669,127.05833333333334,2.5700000000000003
FH,2015,8,Aug 2015,2015-08-02,1.5593080109070125,36.25,20.2,7,8,0.0103,0.17775,0.0022,0.0072499999999999995,0.00655,0.0138,8.552499999999998,19.525,196.875,128.05,0.97
FH,2015,9,Sep 2015,2015-09-06,1.7623569832004118,57.857142857142854,26.142857142857142,8,9,0.011041666666666665,0.18683333333333335,NA,0.007649999999999995,0.00575,0.013399999999999995,8.5025,16.375,226.025,147.075,1.4975
FH,2016,7,Jul 2016,2016-07-29,1.0492180226701815,11.2,5.525,6,7,0.0087,0.1335,0.0012,0.02109999999999999,0.0096,0.03069999999999999,8.345,18.8,192.05,124.8,0.86
FH,2016,9,Sep 2016,2016-09-03,1.1383026981662814,13.75,15.033333333333331,8,9,0.010416666666666664,0.17141666666666666,9.37499999999995e-4,0.020675,0.007275,0.02795,8.370000000000001,15.5,225.7,146.75,1.3
FH,2017,8,Aug 2017,2017-08-01,1.0374264979406236,10.9,5.76875,7,8,0.00845,0.1595,0.001575,0.020575,0.0236,0.044175,8.2225,19.55,216.025,140.20000000000002,0.9982500000000001
FH,2017,9,Sep 2017,2017-09-02,1.3103392197987527,20.433333333333337,11.728571428571428,8,9,0.008774999999999995,0.1825,0.0016,0.020275,0.024775,0.04505,8.26,16.775,236.575,153.72500000000002,1.17575
FH,2018,8,Aug 2018,2018-08-03,1.2019717780356587,15.921052631578949,7.945,7,8,0.011458333333333324,0.14891666666666667,0.0031,0.010691666666666665,0.017866666666666663,0.028558333333333328,8.265,18.5,223.7,145.425,2.0675
FH,2018,9,Sep 2018,2018-09-05,1.474285656819377,29.804761904761904,13.104761904761904,8,9,0.00965833333333333,0.15891666666666665,0.001,0.018675,0.021691666666666658,0.04036666666666666,8.2725,15.85,248.27499999999998,161.375,1.0925
FH,2019,8,Aug 2019,2019-08-02,1.2196107193014376,16.581,9.007,7,8,0.0085,0.12583333333333332,0.020083333333333328,0.0225,0.01258333333333333,0.03508333333333333,8.51,18.975,227.85000000000002,148.0375,2.2249999999999996
FH,2019,9,Sep 2019,2019-09-01,1.39022836246913,24.56,10.465,8,9,0.009000000000000001,0.12833333333333333,0.013583333333333326,0.019925000000000002,0.00983333333333333,0.02975833333333333,8.515,17.875,256.375,166.75,3.755
FH,2020,8,Aug 2020,2020-08-03,1.2241012295368947,16.753333333333334,8.275714285714287,7,8,0.0075,0.105,0.002,NA,0.006500000000000001,NA,8.157499999999999,18.950000000000003,220.7,NA,2.2775
FH,2020,9,Sep 2020,2020-09-02,1.2174338063147623,16.49809523809524,8.197619047619048,8,9,0.006125,0.11,0.0035,0.02,0.009375,0.029375,8.184999999999999,16.275000000000002,251.15000000000003,NA,1.4425000000000001
FH,2021,8,Aug 2021,2021-08-04,1.287908318342076,19.404761904761905,9.538095238095238,7,8,0.02083333333333333,0.16166666666666668,0.025,0.02,0.01483333333333333,0.03483333333333333,8.442499999999999,14.025,233.65,NA,2.6025
FH,2021,9,Sep 2021,2021-09-03,1.7055379099566341,50.76190476190476,19.238095238095237,8,9,0.009249999999999994,0.1225,NA,0.02,0.007999999999999995,0.027999999999999997,8.3325,15.775,260.5,NA,2.4425
FH,2022,8,Aug 2022,2022-08-01,0.8872461847047168,7.713405882352941,4.041176470588235,7,8,0.017666666666666664,0.16,0.010249999999999999,0.02,0.01175,0.03175,8.073333333333334,19.066666666666666,198.41666666666666,NA,2.4699999999999998
FH,2022,9,Sep 2022,2022-09-02,1.3113495419683454,20.48092380952381,9.674761904761905,8,9,0.027666666666666666,0.21000000000000002,0.00975,0.02,0.01375,0.03375,8.218333333333334,17.391666666666666,241.06666666666666,NA,1.3975
FH,2023,8,Aug 2023,2023-08-04,1.2791384006075552,19.01684210526316,8.65421052631579,7,8,0.00675,0.16749999999999998,0.0022500000000000003,NA,0.01,NA,8.5,20.425,237.25,NA,NA
FH,2023,9,Sep 2023,2023-09-03,1.568414068418326,37.01809523809524,12.596190476190475,8,9,0.0055,0.1275,0.003,0.05,0.009000000000000001,0.059000000000000004,8.5,18,258,NA,NA
FH,2025,8,Aug 2025,2025-08-12,1.3301110492822408,21.385088372093023,11.589147286821706,7,8,0.026166666666666664,0.10500000000000001,NA,NA,0.009166666666666665,NA,8.51,NA,222.1,NA,NA
FH,2025,9,Sep 2025,2025-09-12,1.4372142751459123,27.366186046511633,18.139534883720923,8,9,0.025166666666666664,0.1225,NA,NA,0.007666666666666665,NA,8.4875,NA,240.8,NA,NA
GR,2008,8,Aug 2008,2008-08-01,2.1109262422664203,129.1,102.315,7,8,0.040625,0.2625,NA,0.013333333333333329,0.0045000000000000005,0.01783333333333333,8.493333333333332,17.766666666666666,419,222.8,2.7199999999999998
GR,2008,9,Sep 2008,2008-09-01,2.129689892199301,134.8,36.17,8,9,0.027250000000000003,0.225,NA,0.01,0.023499999999999993,0.033499999999999995,8.675833333333333,14.325,471.16666666666663,250.58333333333331,2.411666666666666
GR,2009,8,Aug 2009,2009-08-01,2.009471130835711,102.20476190476192,95.22,7,8,0.04157458333333333,0.293625,0.018618,0.006436666666666665,0.01270458333333333,0.019141249999999995,8.491666666666667,18.5,385,204.61666666666667,4.585
GR,2009,9,Sep 2009,2009-09-06,2.101354224998816,126.28571428571428,60.65,8,9,0.028271666666666664,0.24783333333333335,0.01244333333333333,0.008001666666666666,0.010178333333333331,0.018179999999999995,8.476666666666667,18.55,438,232.66666666666669,2.5683333333333334
GR,2010,8,Aug 2010,2010-08-01,1.807181943104768,64.14782608695653,67.80952380952381,7,8,0.07115416666666666,0.33466666666666667,0.031766666666666665,0.010775,0.0162875,0.0270625,8.173333333333334,19.7,363.66666666666663,194.13333333333333,13.648333333333333
GR,2010,9,Sep 2010,2010-09-10,2.077246746270425,119.46666666666668,59.95,8,9,0.06308333333333332,0.3221666666666667,0.027883333333333336,0.00955,0.024083333333333335,0.033633333333333335,8.355,17.333333333333332,413.66666666666663,219.66666666666669,13.263333333333332
GR,2011,8,Aug 2011,2011-08-01,1.70472233322511,50.666666666666664,13,7,8,0.0637,0.3005,0.0295,0.013466666666666665,0.05213333333333333,0.06559999999999999,8.348333333333333,16.200000000000003,298.04999999999995,193.8,7.765000000000001
GR,2011,9,Sep 2011,2011-09-03,1.8146914327474566,65.26666666666667,16.666666666666668,8,9,0.04193333333333332,0.30474999999999997,0.023574999999999995,0.0135,0.061099999999999995,0.0746,8.505833333333333,14.350000000000001,357.80833333333334,232.59166666666664,3.1033333333333335
GR,2012,7,Jul 2012,2012-07-31,1.9303910458334537,85.19047619047619,72.61904761904762,6,7,0.04719624999999999,0.310735,0.021918749999999994,0.00955375,0.013525,0.023078750000000002,8.409166666666668,16.65833333333333,345.28333333333336,224.40833333333333,3.915
GR,2012,9,Sep 2012,2012-09-01,2.1695624808502463,147.76190476190476,57.095238095238095,8,9,0.025575,0.2802983333333333,0.006783333333333325,0.0094,NA,NA,8.442499999999999,14.175,424.44166666666666,275.83333333333337,2.174166666666667
GR,2013,6,Jun 2013,2013-06-28,1.8002795649154093,63.13636363636363,61.95652173913044,6,7,0.0314,0.281795,0.018715,0.01894,0.001505,0.020444999999999998,8.469999999999999,18.65,453.9500000000001,295.1,1.31
GR,2013,8,Aug 2013,2013-08-04,2.2942212081117073,196.88888888888889,107.07407407407408,7,8,0.029461666666666664,0.2755425,0.01752583333333333,0.01323333333333333,0.001439166666666665,0.014672499999999995,8.4275,17.6,470.2750000000001,305.65,1.415
GR,2013,9,Sep 2013,2013-09-01,2.176290888791167,150.06896551724137,71.71428571428571,8,9,0.028679166666666665,0.27053,0.01625583333333333,0.00828333333333333,0.005199166666666665,0.013482499999999994,8.325000000000001,15.725000000000001,492.875,320.275,1.8025
GR,2014,8,Aug 2014,2014-08-03,2.023094102482676,105.46153846153848,156.07692307692307,7,8,0.0445,0.30966666666666665,0.022516666666666664,0.010725,0.013425,0.024149999999999998,8.215,18.275,387.95000000000005,252.375,4.18
GR,2014,8,Aug 2014,2014-08-31,1.910565119586822,81.38888888888889,33.55,7,8,0.0445,0.30966666666666665,0.022516666666666664,0.010725,0.013425,0.024149999999999998,8.215,18.275,387.95000000000005,252.375,4.18
GR,2015,7,Jul 2015,2015-07-01,1.8757555792580545,75.12,135.88,6,7,0.03134999999999999,0.3175,0.01084999999999999,0.0087,0.00165,0.01035,8.225000000000001,17.35,377.7000000000001,245.7,1.885
GR,2015,8,Aug 2015,2015-08-01,2.4944196501645424,312.1904761904762,183.57142857142856,7,8,0.02769166666666666,0.265,0.00889166666666666,0.0116875,0.0037875,0.015475,8.217500000000001,15.850000000000001,427.55000000000007,278.04999999999995,1.7349999999999999
GR,2015,9,Sep 2015,2015-09-05,2.111230499027677,129.1904761904762,45.857142857142854,8,9,0.02781666666666666,0.28925,0.0062166666666666655,0.0142875,0.0162875,0.030574999999999998,8.205,12.925,479.92499999999995,312.025,2.6475
GR,2016,7,Jul 2016,2016-07-05,2.213898701903385,163.64347826086956,187.3095652173913,6,7,0.04325,0.28500000000000003,0.0231,0.0219,0.00125,0.02315,8.149999999999999,15.55,438.2999999999999,284.7,1.37
GR,2016,7,Jul 2016,2016-07-30,2.3593697324487106,228.75454545454545,152.33,6,7,0.04325,0.28500000000000003,0.0231,0.0219,0.00125,0.02315,8.149999999999999,15.55,438.2999999999999,284.7,1.37
GR,2016,9,Sep 2016,2016-09-04,2.0975217304067315,125.17619047619048,52.92285714285715,8,9,0.026433333333333326,0.2865833333333333,0.008941666666666664,0.017112499999999996,0.01833333333333333,0.03544583333333333,8.192499999999999,12.225,464.45,301.925,1.2025
GR,2017,7,Jul 2017,2017-07-05,1.5314789170422551,34,27.728571428571428,6,7,0.03585,0.2845,0.0151,0.0135,0.0025,0.016,8.235,19,398.05,258.7,2.15
GR,2017,8,Aug 2017,2017-08-02,2.065366275981357,116.24285714285716,167.63809523809525,7,8,0.026625,0.30274999999999996,0.009825,0.013016666666666666,0.03842500000000001,0.05144166666666668,8.2325,17.6,435.50000000000006,283.04999999999995,1.5125
GR,2017,9,Sep 2017,2017-09-03,1.888409272609622,77.3409090909091,139.92272727272726,8,9,0.0262,0.42200000000000004,0.007725,0.013116666666666665,0.127575,0.14069166666666666,8.23,13.55,480.0250000000001,312,1.77
GR,2018,8,Aug 2018,2018-08-04,1.9763786405760873,94.70625,58.51875,7,8,0.04065833333333333,0.33066666666666666,0.013991666666666664,0.01545,0.04570833333333334,0.061158333333333335,8.3925,17.35,382.9749999999999,248.95,3.3774999999999995
GR,2018,9,Sep 2018,2018-09-04,2.3603567021177887,229.275,69.89,8,9,0.029983333333333327,0.3526666666666667,0.00776666666666666,0.02215,0.07758333333333334,0.09973333333333334,8.395,14.475000000000001,434.69999999999993,282.575,2.6475
GR,2019,7,Jul 2019,2019-07-14,1.5130177253316184,32.585,24.05,6,7,0.053,0.23,0.046,0.0137,NA,NA,8.735,19.4,378.15,245.705,4.029999999999999
GR,2019,7,Jul 2019,2019-07-31,1.5367325433884151,34.41379310344828,53,6,7,0.053,0.23,0.046,0.0137,NA,NA,8.735,19.4,378.15,245.705,4.029999999999999
GR,2019,8,Aug 2019,2019-08-30,2.1510471106778177,141.59473684210528,54.61052631578947,7,8,0.04525,0.27,0.038,0.02185,0.074,0.09584999999999999,8.692499999999999,19.549999999999997,411.025,266.9925,3.3149999999999995
GR,2020,8,Aug 2020,2020-08-05,2.025168590126813,105.9665,139.6645,7,8,0.022999999999999993,0.21,0.010249999999999999,NA,0.017,NA,8.4425,18.825,406.3,NA,4.0075
GR,2020,9,Sep 2020,2020-09-01,2.170185902872056,147.97416666666666,66.27791666666667,8,9,0.02116666666666666,0.245,0.01258333333333333,0.02,0.0265,0.0465,8.32,15.149999999999999,468.8,NA,3.16
GR,2021,7,Jul 2021,2021-07-13,1.9985499336047674,99.66666666666669,59.95238095238095,6,7,0.03433333333333333,0.26,0.00466666666666666,0.025,0.002,0.027000000000000003,8.67,20.75,476.15,NA,2.635
GR,2021,8,Aug 2021,2021-08-03,2.3781382330887406,238.8571428571429,61.80952380952381,7,8,0.03216666666666666,0.26,0.00383333333333333,0.0275,0.003,0.0305,8.6425,19.75,487.42499999999995,NA,2.925
GR,2021,9,Sep 2021,2021-09-01,2.1609399149830604,144.85714285714286,46.80952380952381,8,9,0.02275,0.2425,0.0025,0.025,0.019000000000000003,0.044000000000000004,8.567499999999999,14.65,504.07500000000005,NA,2.6
GR,2022,7,Jul 2022,2022-07-15,1.7128004647680088,51.617915789473685,74.10526315789474,6,7,0.05,0.22333333333333333,0.021,0.03,NA,NA,8.43,21.2,436.1,NA,3.125
GR,2022,8,Aug 2022,2022-08-03,1.8756211284597322,75.09674761904762,115.0952380952381,7,8,0.042,0.21416666666666667,0.014,0.0225,0.006,0.028499999999999998,8.5075,21.1,451.125,NA,2.41
GR,2022,9,Sep 2022,2022-09-03,1.99677532491492,99.26024090909092,102.86363636363636,8,9,0.02333333333333333,0.21916666666666668,0.00415,0.015,0.006,0.020999999999999998,8.5325,18.35,495.34999999999997,NA,1.445
GR,2023,7,Jul 2023,2023-07-18,1.6700718220231463,46.78125,47.74375,6,7,0.032,0.29000000000000004,0.0125,NA,NA,NA,8.55,19.25,418.5,NA,NA
GR,2023,8,Aug 2023,2023-08-01,2.282671538943715,191.72181818181815,97.18727272727271,7,8,0.03225,0.28750000000000003,0.01,NA,0.05,NA,8.5625,19.7,444,NA,NA
GR,2023,9,Sep 2023,2023-09-02,2.2283392412537557,169.17619047619047,71.14333333333333,8,9,0.025750000000000002,0.2725,0.0052499999999999995,0.05,0.03525,0.08524999999999999,8.6375,17.825,483.5,NA,NA
GR,2025,7,Jul 2025,2025-07-25,1.8507449044929207,70.91610991874725,115.31036405435567,6,7,0.027,0.19,0.0055,NA,0.004,NA,8.84,NA,432.9,NA,NA
GR,2025,8,Aug 2025,2025-08-14,2.0221788912975738,105.23952792566747,108.8455650086242,7,8,0.0245,0.1875,0.0045,0.008,0.0055,0.0135,8.6475,NA,439.125,NA,NA
GR,2025,9,Sep 2025,2025-09-10,2.22331924936254,167.23194826691395,92.11756752096944,8,9,0.018833333333333327,0.1775,0.00375,0.008,0.007,0.015,8.46,NA,462.725,NA,NA
HU,2008,8,Aug 2008,2008-08-01,1.0433622780211296,11.05,6.205,7,8,0.01745833333333333,0.2,NA,0.015,0.04741666666666666,0.06241666666666666,8.488333333333333,18.78333333333333,210.40000000000003,123.41666666666666,4.071666666666667
HU,2008,9,Sep 2008,2008-09-01,1.6349808000512285,43.15,7.725,8,9,0.015125,0.2,NA,0.015,0.0545,0.0695,8.611666666666668,15.825,251.16666666666669,133.325,2.314166666666667
HU,2009,8,Aug 2009,2009-08-02,1.5931805404783506,39.19047619047619,9.6,7,8,0.018201666666666665,0.22783333333333333,0.005626666666666665,0.009158333333333329,0.03440666666666666,0.04356499999999999,8.375,19.566666666666666,229.7833333333333,122.15,3.3783333333333334
HU,2009,9,Sep 2009,2009-09-05,1.7103994661168007,51.333333333333336,14.578947368421051,8,9,0.014910416666666664,0.24508333333333332,0.00407,0.010828333333333329,0.031917666666666664,0.04274599999999999,8.433333333333334,19.133333333333333,261.66666666666663,139.1,2.706666666666667
HU,2010,8,Aug 2010,2010-08-01,1.8044492222635322,63.74545454545455,20.428571428571427,7,8,0.018099999999999995,0.20816666666666667,0.00471666666666666,0.010099999999999994,0.024616666666666665,0.03471666666666666,8.1033333333333335,21.1,234.98333333333335,124.86666666666667,2.933333333333333
HU,2010,9,Sep 2010,2010-09-10,1.9700146181755558,93.32857142857142,24.15,8,9,0.01744583333333333,0.23279166666666667,0.00364583333333333,0.00993333333333333,0.03560833333333333,0.04554166666666666,8.280000000000001,18.183333333333337,265.5,141.41666666666669,3.6399999999999997
HU,2011,8,Aug 2011,2011-08-02,1.2255554106539033,16.80952380952381,6.8,7,8,0.025562499999999995,0.18746416666666665,0.008404166666666664,0.0107875,0.03492083333333333,0.04570833333333333,8.196666666666667,16.9,183.95,119.6,4.851666666666667
HU,2011,9,Sep 2011,2011-09-04,1.7781512503836436,60,10.666666666666666,8,9,0.01803749999999999,0.2092975,0.0060125000000000005,0.0118875,0.0412875,0.053175,8.361666666666666,15.958333333333334,230.18333333333334,149.60833333333335,2.01
HU,2012,8,Aug 2012,2012-08-01,1.403692337561129,25.333333333333332,5.333333333333333,7,8,0.01756375,0.21829375,0.00339291666666666,0.010616666666666665,0.0286825,0.03929916666666666,8.309999999999999,18.833333333333336,207.61666666666667,134.98333333333335,2.035
HU,2012,9,Sep 2012,2012-09-02,1.6751670896633941,47.333333333333336,9.38095238095238,8,9,0.01493125,0.22048374999999998,0.0024762499999999897,0.00947,0.038862499999999994,0.048332499999999994,8.398333333333333,16.35,229.73333333333335,149.30833333333334,2.1991666666666667
HU,2013,7,Jul 2013,2013-07-31,1.146128035678238,14,5.285714285714286,6,7,0.01536,0.192618,0.0038325,0.01297333333333333,0.04542,0.05839333333333333,8.34,19.833333333333332,242.23333333333332,157.56666666666666,2.7666666666666666
HU,2013,8,Aug 2013,2013-08-31,1.3590219426416679,22.857142857142858,4.238095238095238,7,8,0.0166075,0.233094,0.00366375,0.01146166666666666,0.042605000000000004,0.054066666666666666,8.3525,18.616666666666667,244.96666666666664,159.23333333333332,3.3008333333333333
HU,2014,8,Aug 2014,2014-08-01,1.4011850634851846,25.1875,6.729411764705882,7,8,0.0163,0.16708333333333333,0.0058,0.0109,0.01925,0.03015,7.944166666666667,18.59166666666667,206.64999999999998,134.4,2.6708333333333334
HU,2014,8,Aug 2014,2014-08-30,1.4053219622946371,25.428571428571427,11.08095238095238,7,8,0.0163,0.16708333333333333,0.0058,0.0109,0.01925,0.03015,7.944166666666667,18.59166666666667,206.64999999999998,134.4,2.6708333333333334
HU,2015,8,Aug 2015,2015-08-02,1.2010935280257369,15.88888888888889,6.1,7,8,0.01645,0.21599999999999997,0.0018249999999999998,0.009049999999999999,0.02435,0.0334,8.399999999999999,19.525,214.925,139.75,1.845
HU,2015,9,Sep 2015,2015-09-06,1.972026421404199,93.76190476190476,14.047619047619047,8,9,0.017675,0.23475,0.0017499999999999998,0.016175,0.023824999999999995,0.039999999999999994,8.515,16.525,246.45,160.225,2.4749999999999996
HU,2016,7,Jul 2016,2016-07-29,1.6028348255779234,40.07142857142857,15.7,6,7,0.00993333333333333,0.2005,0.00215,0.01553333333333333,0.02833333333333333,0.04386666666666666,8.355,19.65,209.4,136.15,1.37
HU,2016,9,Sep 2016,2016-09-03,1.8471612005780302,70.33333333333333,15.604761904761904,8,9,0.016433333333333328,0.22875,0.001275,0.0180875,0.05339166666666667,0.07147916666666668,8.265,14.8,246.025,159.9,3.6550000000000002
HU,2017,8,Aug 2017,2017-08-01,1.4119562379304016,25.82,8.97,7,8,0.01440833333333333,0.24991666666666668,0.0018999999999999998,0.013087499999999998,0.0576,0.0706875,8.094999999999999,19.424999999999997,231.925,150.625,2.05375
HU,2017,9,Sep 2017,2017-09-02,1.5463663718248464,35.18571428571428,12.17142857142857,8,9,0.012375,0.28275,0.0015,0.014249999999999995,0.07147500000000001,0.08572500000000001,8.1725,17.225,259.1,168.35,1.9144999999999999
HU,2018,8,Aug 2018,2018-08-03,1.429059809249423,26.857142857142858,10.138095238095238,7,8,0.018099999999999998,0.19924999999999998,0.0026249999999999997,0.012749999999999996,0.032350000000000004,0.0451,8.067499999999999,17.825000000000003,237,154.05,3.1224999999999996
HU,2018,9,Sep 2018,2018-09-05,1.4587457348743977,28.757142857142856,7.357142857142857,8,9,0.014775,0.22625,0.0017499999999999998,0.016216666666666664,0.045825000000000005,0.06204166666666667,8.2025,15.825,266.3,173.1,2.0324999999999998
HU,2019,8,Aug 2019,2019-08-02,1.4630377364523,29.04275,9.0455,7,8,0.02049999999999999,0.18,0.014916666666666665,0.026666666666666665,0.03574999999999999,0.062416666666666655,8.4225,18.875,248.95,162.0125,2.4025
HU,2019,9,Sep 2019,2019-09-01,1.8331471119127851,68.1,17.25,8,9,0.017833333333333326,0.18,0.014416666666666664,0.02375,0.03774999999999999,0.06149999999999999,8.42,17.375,281.17499999999995,182.8125,3.3474999999999997
HU,2020,8,Aug 2020,2020-08-03,1.5544430081745593,35.84619047619048,11.687142857142858,7,8,0.01375,0.1375,0.004,0.009,0.014,0.023,8.1625,18.925,237.9,NA,3.66
HU,2020,9,Sep 2020,2020-09-02,1.9076621185143297,80.84666666666666,20.153809523809525,8,9,0.011583333333333331,0.16583333333333333,0.0046666666666666645,0.014499999999999999,0.035166666666666666,0.049666666666666665,8.105,16.65,278.57500000000005,NA,2.41
HU,2021,8,Aug 2021,2021-08-04,1.7990121604157021,62.95238095238095,16.19047619047619,7,8,0.0165,0.155,0.00145,0.03,0.022,0.052,8.280000000000001,19.700000000000003,243.3,NA,1.925
HU,2021,9,Sep 2021,2021-09-02,2.5607603593033796,363.7142857142857,64.80952380952381,8,9,NA,NA,NA,NA,NA,NA,NA,NA,NA,NA,NA
HU,2022,8,Aug 2022,2022-08-01,1.6397406041832367,43.62551875,14.6875,7,8,NA,NA,NA,NA,NA,NA,NA,NA,NA,NA,NA
HU,2022,9,Sep 2022,2022-09-02,1.8380601105367664,68.87476190476191,23.047619047619047,8,9,NA,NA,NA,NA,NA,NA,NA,NA,NA,NA,NA
HU,2023,8,Aug 2023,2023-08-04,1.5899921302245008,38.90380952380952,10.697142857142858,7,8,0.013,0.20500000000000002,0.0022500000000000003,NA,0.035,NA,8.3925,19.75,255.2,NA,NA
HU,2023,9,Sep 2023,2023-09-03,1.7637380931704738,58.04142857142857,13.507619047619048,8,9,0.01125,0.18,0.001,0.05,0.02975,0.07975,8.5,18.3,280.75,NA,NA
HU,2025,8,Aug 2025,2025-08-12,2.133196813800541,135.89291472868217,20.794573643410857,7,8,0.01575,0.185,0.0015,0.01,0.06025,0.07024999999999999,8.2575,NA,256.2,NA,NA
HU,2025,9,Sep 2025,2025-09-12,1.867145140785317,73.64531782945741,14.496124031007753,8,9,0.01475,0.16249999999999998,NA,0.01,0.04549999999999999,0.055499999999999994,8.2325,NA,264.17499999999995,NA,NA
MS,2008,8,Aug 2008,2008-08-01,1.8821560801563006,76.23529411764706,29.22,7,8,0.016999999999999994,0.16666666666666669,NA,0.0175,0.006999999999999995,0.024499999999999997,8.375,16.766666666666666,253.33333333333331,134.46666666666667,3.12
MS,2008,9,Sep 2008,2008-09-01,1.9041227924297115,80.19047619047619,19.742857142857144,8,9,0.01033333333333333,0.13333333333333333,NA,0.0125,0.008416666666666666,0.020916666666666667,8.311666666666667,14.175,290.5,154.025,2.1908333333333334
MS,2009,8,Aug 2009,2009-08-03,2.0680090677352108,116.95238095238096,33.7,7,8,0.019741666666666664,0.18016666666666664,0.007713333333333331,0.00910625,0.005231666666666665,0.014337916666666665,7.8966666666666665,17.15,265.5,141.13333333333333,3.746666666666667
MS,2009,9,Sep 2009,2009-09-04,2.170395077742667,148.04545454545453,41.714285714285715,8,9,0.013561666666666665,0.16133333333333333,0.004422499999999995,0.00890875,0.005207999999999995,0.014116749999999994,7.923333333333333,16.866666666666664,294,156.14999999999998,2.131666666666667
MS,2010,8,Aug 2010,2010-08-01,2.0826058726978984,120.95,50.285714285714285,7,8,0.018533333333333332,0.1765,0.00828333333333333,0.009641666666666666,0.0042166666666666654,0.013858333333333332,7.59,18.116666666666667,265,140.95,2.5316666666666667
MS,2010,9,Sep 2010,2010-09-10,1.8572275817111294,71.98260869565217,30.727272727272727,8,9,0.01485,0.17533333333333334,0.0051999999999999946,0.007991666666666664,0.002999999999999995,0.01099166666666666,7.691666666666666,16.05,293.5,156.41666666666669,2.263333333333333
MS,2011,8,Aug 2011,2011-08-03,1.3816009852396116,24.076923076923077,9.785714285714286,7,8,0.025800000000000003,0.15766666666666668,0.01133333333333333,0.010641666666666664,0.007986666666666666,0.01862833333333333,8.32,15.45,223.3,145.36666666666667,5.0216666666666665
MS,2011,9,Sep 2011,2011-09-05,1.711606399219391,51.476190476190474,25.333333333333332,8,9,0.0158,0.13816666666666666,0.00888333333333333,0.009166666666666665,0.00377,0.012936666666666666,8.371666666666666,13.75,258.8666666666667,168.21666666666667,2.1083333333333334
MS,2012,8,Aug 2012,2012-08-03,1.9224659452984134,83.65,38.75,7,8,0.01188833333333333,0.15728166666666668,0.00361333333333333,0.010646666666666665,0.0031599999999999953,0.013806666666666662,8.263333333333332,16.96666666666667,243.2833333333333,158.26666666666665,1.5933333333333333
MS,2012,9,Sep 2012,2012-09-03,1.8013056862088128,63.285714285714285,27.428571428571427,8,9,0.01082,0.16235583333333337,0.00273833333333333,0.008081666666666664,0.002905,0.010986666666666664,8.3475,14.225,268.0333333333333,174.30833333333334,1.5558333333333332
MS,2013,8,Aug 2013,2013-08-03,1.8714617348073623,74.38095238095238,34.476190476190474,7,8,0.01039,0.159135,0.0034499999999999947,0.0140425,0.0021175,0.01616,8.212499999999999,17.1,263.875,171.6,2.6624999999999996
MS,2013,9,Sep 2013,2013-09-02,1.9702582989338648,93.38095238095238,37.95238095238095,8,9,0.011029999999999995,0.150925,0.0035199999999999954,0.011906666666666666,0.0014965,0.013403166666666666,8.215,15.774999999999999,285.35,185.625,2.2725
MS,2014,8,Aug 2014,2014-08-04,1.8799964810672123,75.85714285714286,41.22380952380952,7,8,0.016991666666666665,0.14675000000000002,0.00668333333333333,0.010325,0.00283333333333333,0.013158333333333331,7.8525,16.75,266.04999999999995,173.05,2.78
MS,2014,8,Aug 2014,2014-08-29,2.0353344250091623,108.47619047619048,31.409523809523808,7,8,0.016991666666666665,0.14675000000000002,0.00668333333333333,0.010325,0.00283333333333333,0.013158333333333331,7.8525,16.75,266.04999999999995,173.05,2.78
MS,2015,7,Jul 2015,2015-07-03,2.0674979248338965,116.8148148148148,91.5925925925926,6,7,0.0109,0.17166666666666666,0.0016,0.010475,0.0017,0.012175,8.23,18.75,224.7,146.2,1.86
MS,2015,8,Aug 2015,2015-08-03,1.7907206813501608,61.76190476190476,22.047619047619047,7,8,0.0133,0.21833333333333332,0.0017000000000000001,0.0138625,0.00215,0.0160125,8.1075,17.625,255.35,166.05,2.4325
MS,2015,9,Sep 2015,2015-09-04,1.8813574802440534,76.0952380952381,27.952380952380953,8,9,0.018,0.2485,0.0017499999999999998,0.012199999999999996,0.0026,0.014799999999999995,8.0575,14.575,294.65,191.4,3.895
MS,2016,7,Jul 2016,2016-07-02,2.1689927263865685,147.5681818181818,121.16090909090909,6,7,0.00953333333333333,0.1405,7.999999999999999e-4,NA,0.0011,NA,8.280000000000001,17.4,247.05,160.55,1.1949999999999998
MS,2016,7,Jul 2016,2016-07-24,1.905153147555717,80.38095238095238,28.895238095238096,6,7,0.00953333333333333,0.1405,7.999999999999999e-4,NA,0.0011,NA,8.280000000000001,17.4,247.05,160.55,1.1949999999999998
MS,2016,8,Aug 2016,2016-08-31,1.830985605350365,67.76190476190476,28.485714285714284,7,8,0.030116666666666667,0.23075,0.001024999999999995,0.01979999999999999,0.006025,0.02582499999999999,8.262500000000001,16.725,255.85,166.22500000000002,23.415
MS,2017,7,Jul 2017,2017-07-06,1.452723241319623,28.36111111111111,18.244444444444444,6,7,0.01515,0.16899999999999998,0.0042,0.0149,0.002,0.0169,8.175,18.9,253,164.45,2.34
MS,2017,8,Aug 2017,2017-08-04,2.0278154016061385,106.61428571428571,56.6,7,8,0.013000000000000001,0.1745,0.0031,0.01325,0.002025,0.015275,8.315000000000001,17.825,260.15,169.14999999999998,1.98
MS,2017,9,Sep 2017,2017-09-01,1.8377687556480677,68.82857142857142,47.53333333333333,8,9,0.012425,0.19524999999999998,0.00195,0.010599999999999998,0.003,0.013599999999999998,8.3875,14.575,286.72499999999997,186.375,2.13
MS,2018,8,Aug 2018,2018-08-06,1.989216673555242,97.54761904761904,22.123809523809523,7,8,0.02225833333333333,0.15575,0.0054875,0.0169,0.0035375,0.020437499999999997,8.28,18.1,271.075,176.14999999999998,3.1199999999999997
MS,2018,9,Sep 2018,2018-09-10,1.8244977410100565,66.75714285714285,17.142857142857142,8,9,0.0139,0.14600000000000002,0.00235,0.017175,0.02285,0.040025,8.42,15.725000000000001,296.42499999999995,192.575,2.0774999999999997
MS,2019,7,Jul 2019,2019-07-20,2.089200523263219,122.80060975609756,79.84019512195123,6,7,0.0295,0.125,0.0245,0.015,0.005,0.02,8.58,17.4,277.29999999999995,180.375,5.13
MS,2019,8,Aug 2019,2019-08-04,2.0342272607705505,108.2,53.436190476190475,7,8,0.021749999999999995,0.1275,0.019249999999999996,0.0175,0.005,0.022500000000000003,8.55,17.724999999999998,290.575,189.015,3.6624999999999996
MS,2019,9,Sep 2019,2019-09-02,2.007961033336183,101.85,29.714285714285715,8,9,0.030249999999999996,0.1525,0.015499999999999996,0.0175,0.016,0.0335,8.4025,15.749999999999998,316.6,205.91500000000002,7.1525
MS,2020,7,Jul 2020,2020-07-22,1.5921561878795865,39.09814814814815,68.2325925925926,6,7,0.017,0.11,0.006,NA,NA,NA,8.18,18.65,257.5,NA,8.16
MS,2020,8,Aug 2020,2020-08-06,2.0768102937366644,119.34666666666666,117.93375,7,8,0.0165,0.155,0.0052499999999999995,0.007,0.003,0.01,8.2725,18.474999999999998,277.4,NA,5.4675
MS,2020,9,Sep 2020,2020-09-03,1.9676415640830112,92.82,36.917142857142856,8,9,0.014,0.1625,0.00508333333333333,0.0135,0.003,0.0165,8.2425,16.075,311.125,NA,3.3449999999999998
MS,2021,8,Aug 2021,2021-08-05,2.2941511775573504,196.8571428571429,45.19047619047619,7,8,0.014749999999999996,0.11249999999999999,0.001,0.02,NA,NA,8.510000000000002,18.575,286.625,NA,3.765
MS,2021,9,Sep 2021,2021-09-04,2.0160379355123363,103.76190476190476,46.333333333333336,8,9,0.012749999999999994,0.1175,NA,0.015,NA,NA,8.2325,15.225000000000001,317.1,NA,4.1775
MS,2022,7,Jul 2022,2022-07-18,1.884273188996257,76.607835,26.5,6,7,0.042,0.125,0.0195,0.03,0.021,0.051000000000000004,8.315000000000001,20.5,251.45,NA,5.92
MS,2022,7,Jul 2022,2022-07-31,2.0028648358495125,100.66183333333332,32.76190476190476,6,7,0.042,0.125,0.0195,0.03,0.021,0.051000000000000004,8.315000000000001,20.5,251.45,NA,5.92
MS,2022,9,Sep 2022,2022-09-01,1.980961292020521,95.71087619047618,40.714285714285715,8,9,0.010166666666666664,0.12083333333333335,0.002,0.01666666666666666,0.003,0.01966666666666666,8.415,17.875,295.875,NA,3.435
MS,2023,7,Jul 2023,2023-07-20,2.011463598419598,102.67473684210526,51.5435,6,7,0.01449999999999999,0.112,0.003975,NA,NA,NA,8.436666666666667,18.666666666666668,272.6333333333333,NA,NA
MS,2023,7,Jul 2023,2023-07-31,2.088029717842714,122.47,33.83809523809524,6,7,0.01449999999999999,0.112,0.003975,NA,NA,NA,8.436666666666667,18.666666666666668,272.6333333333333,NA,NA
MS,2023,9,Sep 2023,2023-09-01,2.0835009134993894,121.1995238095238,35.67666666666667,8,9,0.009124999999999994,0.1205,0.0015,0.05333333333333334,0.02,0.07333333333333333,8.3675,15.575,314.75,NA,NA
MS,2025,7,Jul 2025,2025-07-03,2.097514224398242,125.1740270468398,147.20298041956298,6,7,0.014,0.115,0.003,NA,0.003,NA,8.31,NA,273.05,NA,NA
MS,2025,7,Jul 2025,2025-07-28,1.9467571344978396,88.46207751937985,47.07364341085274,6,7,0.014,0.115,0.003,NA,0.003,NA,8.31,NA,273.05,NA,NA
MS,2025,8,Aug 2025,2025-08-11,2.0512520434086063,112.5257829457365,54.0697674418605,7,8,0.014,0.10750000000000001,0.003,NA,0.0045000000000000005,NA,8.3,NA,283,NA,NA
MS,2025,9,Sep 2025,2025-09-09,2.091389742836525,123.4211937984497,72.73255813953494,8,9,0.01025,0.0925,NA,0.01,0.006,0.016,8.28,NA,299.17499999999995,NA,NA
