"Site","bracket","year","median_logCHLa","p10_logCHLa","p90_logCHLa","n_members","frac_temp_extrap"
"BM","high",2026,1.82812053399841,1.79675550123993,1.87074800454569,11,0
"BM","high",2027,1.79733268063693,1.75922827728907,1.84393986918078,11,0
"BM","high",2028,1.79469070229127,1.76363280751524,1.83491011886958,11,0
"BM","high",2029,1.82086449110346,1.77567733005908,1.84751221148365,11,0
"BM","high",2030,1.82802462903961,1.78212625868782,1.85601436086746,11,0
"BM","high",2031,1.82662171677492,1.79457115751642,1.85809930206393,11,0
"BM","high",2032,1.82736087643919,1.79074324743037,1.86547079514577,11,0
"BM","high",2033,1.82541957382955,1.78803092853687,1.88260197481917,11,0
"BM","high",2034,1.84770706197001,1.79906175083194,1.88938496181801,11,0
"BM","high",2035,1.84633406223208,1.80922956364685,1.89755105220642,11,0
"BM","high",2036,1.83845387100359,1.80804815565498,1.90242030696862,11,0
"BM","high",2037,1.84652676190696,1.81330445372672,1.90848814535323,11,0
"BM","high",2038,1.87312015095617,1.81139066067412,1.92713343372836,11,0
"BM","high",2039,1.89196219081162,1.82724588098481,1.94893239044015,11,0
"BM","high",2040,1.90127625275961,1.83424027696101,1.96137291804028,11,0
"BM","high",2041,1.90904469664225,1.83693972941543,1.96857834835398,11,0
"BM","high",2042,1.90971855268745,1.84166950782864,1.97301972866065,11,0
"BM","high",2043,1.92173259792096,1.85320032320005,1.97984397850829,11,0
"BM","high",2044,1.92051980957106,1.8687614361765,1.98522773924856,11,0
"BM","high",2045,1.92087784971603,1.84982396297077,1.99197078730741,11,0
"BM","high",2046,1.92920154847169,1.86004770050427,2.00391286679128,11,0
"BM","high",2047,1.92346814675332,1.86168821189226,2.00290699844207,11,0
"BM","high",2048,1.93690706981723,1.86780839725791,2.00244261612198,11,0
"BM","high",2049,1.93991262769621,1.88179944059033,2.01327854326178,11,0
"BM","high",2050,1.94069855782734,1.89746230692745,2.01616798811426,11,0
"BM","high",2051,1.94095737217361,1.90396125415086,1.99528866607004,11,0
"BM","high",2052,1.9591439127945,1.90942488693443,2.00285944792668,11,0
"BM","high",2053,1.97071008039829,1.92329408922873,2.0291989915474,11,0
"BM","high",2054,1.97433521148994,1.93625942195141,2.03058475360196,11,0
"BM","high",2055,1.97978791017461,1.93287265541249,2.0354774747317,11,0
"BM","high",2056,1.98716102986933,1.93044174988062,2.04712989913349,11,0
"BM","high",2057,1.99364895345336,1.9367616764883,2.04827220269455,11,0
"BM","high",2058,1.99992631686055,1.95109287018483,2.06065122263448,11,0
"BM","high",2059,2.01336205280856,1.95359469277676,2.05793650414224,11,0
"BM","high",2060,2.0178408773857,1.97263299570356,2.06036490781267,11,0
"BM","high",2061,2.01666177489677,1.94819762640187,2.07473458476639,11,0
"BM","high",2062,2.02125265015946,1.95458188537904,2.07892679784868,11,0
"BM","high",2063,2.0268532462576,1.96192459638538,2.08596654299501,11,0
"BM","high",2064,2.03696479603104,1.96912704579094,2.09752519800726,11,0
"BM","high",2065,2.04356810319935,1.98030249441927,2.09840476039169,11,0
"BM","high",2066,2.06728573991355,1.98201103152298,2.11799460169821,11,0
"BM","high",2067,2.06786515149748,1.99512743488474,2.11732058179539,11,1
"BM","high",2068,2.07974735597127,2.00876550314062,2.12086547428293,11,1
"BM","high",2069,2.08622324960273,2.00933580536124,2.12596622594984,11,1
"BM","high",2070,2.09599467368464,2.01112028764506,2.13201173844683,11,1
"BM","high",2071,2.10424004558123,2.01853621362878,2.1613135691796,11,1
"BM","high",2072,2.10278957076751,2.02649318775123,2.16838474458286,11,1
"BM","high",2073,2.10946244857663,2.03315160093923,2.17335202418312,11,1
"BM","high",2074,2.10969316577081,2.03453375342244,2.18369285132825,11,1
"BM","high",2075,2.11158104533922,2.04716864914156,2.1716234401307,11,1
"BM","high",2076,2.10368051857433,2.05375412983235,2.20200268246907,11,1
"BM","high",2077,2.09758040034929,2.06530224354009,2.2109925420034,11,1
"BM","high",2078,2.12579824692586,2.08058160275215,2.21882274037891,11,1
"BM","high",2079,2.12747318256858,2.08635186888325,2.22066916028451,11,1
"BM","high",2080,2.13401735493776,2.09064431250669,2.2346342040837,11,1
"BM","high",2081,2.12352305206993,2.1071918505377,2.23072482287102,11,1
"BM","high",2082,2.13588213905903,2.10415195149233,2.22966046449808,11,1
"BM","high",2083,2.13975508359926,2.10150068630069,2.23050446689954,11,1
"BM","high",2084,2.13818394763531,2.10429999404774,2.21974159096574,11,1
"BM","high",2085,2.15111429895531,2.10221945326838,2.22176899351014,11,1
"BM","high",2086,2.14909728041465,2.10705700703583,2.20055611175751,11,1
"BM","high",2087,2.15790075502231,2.10873688956,2.19020727222418,11,1
"BM","high",2088,2.15879164854738,2.10653812358658,2.19948571186252,11,1
"BM","high",2089,2.17146247156189,2.10768640533695,2.19981665292058,11,1
"BM","high",2090,2.17515263308058,2.11444626091719,2.20598421912865,11,1
"BM","high",2091,2.17987210158239,2.10146280659312,2.20559567042415,11,1
"BM","high",2092,2.18390650387905,2.09967156803368,2.20877872174656,11,1
"BM","high",2093,2.19471026253165,2.09749415380361,2.22357093533671,11,1
"BM","high",2094,2.1816806637394,2.1194030199162,2.21644737983778,11,1
"BM","high",2095,2.17581168399709,2.11955840704273,2.20777541003934,11,1
"BM","high",2096,2.18266411388801,2.11924903045448,2.21235473836468,11,1
"BM","high",2097,2.16660183724903,2.11385576548459,2.2082908221186,11,1
"BM","high",2098,2.18844828448617,2.10780482697299,2.22264068961469,11,1
"BM","low",2026,1.82323848107687,1.77788874981044,1.86381762886146,10,0
"BM","low",2027,1.79870264500638,1.73272974902572,1.83541296134647,10,0
"BM","low",2028,1.80254862149794,1.72284705571843,1.8341851531448,10,0
"BM","low",2029,1.8054676178956,1.74678538429229,1.84032438952533,10,0
"BM","low",2030,1.79642139959454,1.74119343798138,1.84272870466362,10,0
"BM","low",2031,1.78120693278566,1.75009755187329,1.82954886949031,10,0
"BM","low",2032,1.79036665899266,1.76196071987197,1.84399295336466,10,0
"BM","low",2033,1.78341915217069,1.75855030222259,1.84255918636409,10,0
"BM","low",2034,1.80192371329307,1.76013102883529,1.85470730304954,10,0
"BM","low",2035,1.80113811279357,1.75870635708529,1.85329095500163,10,0
"BM","low",2036,1.81491361174509,1.7696778101006,1.85609581425326,10,0
"BM","low",2037,1.81266320111468,1.76797335576564,1.86881597491959,10,0
"BM","low",2038,1.81533538349871,1.77558038833368,1.86809913386755,10,0
"BM","low",2039,1.82665307056258,1.78598563330716,1.87330867875026,10,0
"BM","low",2040,1.8361385181642,1.78622352299087,1.87368706817791,10,0
"BM","low",2041,1.82548477444676,1.78817731574901,1.85924986303461,10,0
"BM","low",2042,1.8332507223327,1.77957437830866,1.8735088835612,10,0
"BM","low",2043,1.83638539757147,1.78032435705136,1.86285558544365,10,0
"BM","low",2044,1.83785719724335,1.80106306608843,1.86404499446018,10,0
"BM","low",2045,1.84233867924796,1.79281061695337,1.86529213789107,10,0
"BM","low",2046,1.85327290689822,1.77965314895046,1.86813398592007,10,0
"BM","low",2047,1.84410521243629,1.7838540998487,1.87777760625517,10,0
"BM","low",2048,1.84756105662594,1.78764947457148,1.88817662178657,10,0
"BM","low",2049,1.8490358263125,1.79463665572604,1.88790833825424,10,0
"BM","low",2050,1.84650624619849,1.77684656578191,1.90667571490921,10,0
"BM","low",2051,1.85392627046763,1.77579205054412,1.90464965977479,10,0
"BM","low",2052,1.85792904383567,1.79503671795008,1.91830718655611,10,0
"BM","low",2053,1.86120412299855,1.78963919864878,1.93380618652782,10,0
"BM","low",2054,1.86574128469115,1.80223238960424,1.94701509557773,10,0
"BM","low",2055,1.86688792323881,1.81492765084391,1.94367957325558,10,0
"BM","low",2056,1.87681083474435,1.82134600171308,1.94018038672806,10,0
"BM","low",2057,1.87484967039211,1.81299413370138,1.95060291539881,10,0
"BM","low",2058,1.88712206757071,1.82365595428584,1.94940816739261,10,0
"BM","low",2059,1.88897053425139,1.7944856085311,1.95049795907141,10,0
"BM","low",2060,1.89058111122854,1.79192369002469,1.94643963869835,10,0
"BM","low",2061,1.90152316670603,1.79901224621203,1.9376482568268,10,0
"BM","low",2062,1.91150423425507,1.8257949459179,1.93824514984322,10,0
"BM","low",2063,1.92153149274097,1.82698852102467,1.95164069478285,10,0
"BM","low",2064,1.92023079815408,1.84465538989241,1.96079192411733,10,0
"BM","low",2065,1.92380838312048,1.86294343647007,1.97329845910949,10,0
"BM","low",2066,1.92538801602314,1.86746512866614,1.98658785984372,10,0
"BM","low",2067,1.91732826547208,1.88215716318148,2.00032402261208,10,0
"BM","low",2068,1.93950191464327,1.87812884057359,1.99231516005577,10,0
"BM","low",2069,1.93755184571913,1.88251448932001,1.99856078221433,10,0
"BM","low",2070,1.95041069371009,1.88976251435619,1.99875351781493,10,0
"BM","low",2071,1.93571899760047,1.88039844029622,1.98619236113662,10,0
"BM","low",2072,1.94217453181818,1.90645925398753,1.99735829611638,10,0
"BM","low",2073,1.93940360128278,1.92230129784134,2.00281349765019,10,0
"BM","low",2074,1.94326048382243,1.91798017550033,2.00069376355692,10,0
"BM","low",2075,1.95137051035281,1.91715999559741,2.00138875948087,10,0
"BM","low",2076,1.95656121145085,1.91090047419423,2.00490320592982,10,0
"BM","low",2077,1.95380620525811,1.91592383069045,2.00889802133406,10,0
"BM","low",2078,1.96995155002776,1.93003414003298,2.01190140035037,10,0
"BM","low",2079,1.96716308278709,1.91996759613388,2.01814147278833,10,0
"BM","low",2080,1.97043787670278,1.92560810378908,2.02359550597385,10,0
"BM","low",2081,1.97473007435816,1.91409256314472,2.01908601555161,10,0
"BM","low",2082,1.9767317571719,1.92119469030395,2.00744511377176,10,0
"BM","low",2083,1.98482998520223,1.92757865763952,2.00362912631882,10,0
"BM","low",2084,1.96801065092779,1.91719046705364,2.00416913193057,10,0
"BM","low",2085,1.96782979042166,1.91840423596327,2.00568456590489,10,0
"BM","low",2086,1.96161909393403,1.92732050111447,2.00771159064759,10,0
"BM","low",2087,1.9635776510413,1.9320164224698,2.00622860682569,10,0
"BM","low",2088,1.96545516987724,1.91829632023828,2.01689599243946,10,0
"BM","low",2089,1.96089965028155,1.91388250181864,2.01755380323425,10,0
"BM","low",2090,1.95873673716288,1.91104315670823,2.02852339222834,10,0
"BM","low",2091,1.96361991139947,1.90713038596874,2.02698793977683,10,0
"BM","low",2092,1.97407711989909,1.9201796882928,2.03883966872748,10,0
"BM","low",2093,1.97037789453136,1.90737412000458,2.03253131972489,10,0
"BM","low",2094,1.96482963029344,1.90775423832925,2.04098861355571,10,0
"BM","low",2095,1.96701011441845,1.90923277222484,2.04232614382786,10,0
"BM","low",2096,1.96518929152279,1.91456126928847,2.04908264393085,10,0
"BM","low",2097,1.96887681401174,1.92730924040331,2.06692657539711,10,0
"BM","low",2098,1.96789008307073,1.91347172218418,2.06874672526724,10,0
"BN","high",2026,2.0159473542296,1.97076891251759,2.06125676390483,11,0
"BN","high",2027,2.0043705761639,1.95189621254685,2.0752192245112,11,0
"BN","high",2028,2.00703926238797,1.96640858950167,2.07439277469448,11,0
"BN","high",2029,2.01511288314318,1.98649275597278,2.06659274889296,11,0
"BN","high",2030,2.0229487073892,1.98415717402788,2.04458287328626,11,0
"BN","high",2031,2.01765895572612,1.99190266444051,2.04785342551078,11,0
"BN","high",2032,2.02667041452878,1.98413450606715,2.0543844866329,11,0
"BN","high",2033,2.02109388816441,1.98641165174386,2.04921615893664,11,0
"BN","high",2034,2.02914542884087,1.99141316503564,2.05600154613945,11,0
"BN","high",2035,2.03032354913584,2.004758245479,2.05608775502363,11,0
"BN","high",2036,2.02106089266539,1.99502299127163,2.06823973315232,11,0
"BN","high",2037,2.01426735564746,1.98648343537944,2.06632066914515,11,0
"BN","high",2038,2.02300240220689,1.99116039912438,2.09784239698524,11,0
"BN","high",2039,2.02180195255464,1.99568619977924,2.10189751183692,11,0
"BN","high",2040,2.02001344970739,1.98234884925562,2.11453955739178,11,0
"BN","high",2041,2.02524722299698,1.9829761543212,2.11589713146389,11,0
"BN","high",2042,2.02508674062392,1.96752476876252,2.1168291536474,11,0
"BN","high",2043,2.018441039654,1.97483564004313,2.13512444353306,11,0
"BN","high",2044,2.01288516620574,1.97533732277755,2.11404931398023,11,0
"BN","high",2045,2.01957109735667,1.96892997585869,2.10036625674111,11,0
"BN","high",2046,2.03225756285269,1.98186224474107,2.10691738117214,11,0
"BN","high",2047,2.02749251348123,1.96554112596565,2.12099401767173,11,0
"BN","high",2048,2.03365586754637,1.9730757784186,2.10937589341217,11,0
"BN","high",2049,2.02908497410334,1.9795133700549,2.11536836911795,11,0
"BN","high",2050,2.03662515383112,1.98582653909984,2.11674476608653,11,0
"BN","high",2051,2.03178315553536,1.96607758233068,2.13035104931925,11,0
"BN","high",2052,2.03660488897873,1.96154481624833,2.13761761550955,11,0
"BN","high",2053,2.05272506987873,1.95658121869318,2.14129585451723,11,0
"BN","high",2054,2.04036069387823,1.95209609443244,2.12901231201922,11,0
"BN","high",2055,2.03655062989498,1.95730216460817,2.14128228319657,11,0
"BN","high",2056,2.02812869958888,1.95486780142445,2.18145479243741,11,0
"BN","high",2057,2.02839391989878,1.9352618596075,2.17029342908428,11,0
"BN","high",2058,2.02847017365267,1.95262503443594,2.17418710722862,11,0
"BN","high",2059,2.04108116191543,1.94088775089919,2.16869576081138,11,0
"BN","high",2060,2.04286313379993,1.95469287417264,2.13065176644752,11,0
"BN","high",2061,2.03723440225856,1.9498459776382,2.16768659671658,11,0
"BN","high",2062,2.02383727023154,1.94741434534176,2.15472126613478,11,0
"BN","high",2063,2.0485987800823,1.95070788297634,2.13567022979351,11,0
"BN","high",2064,2.04516568879324,1.95465973595196,2.13412748970562,11,0
"BN","high",2065,2.04736818385725,1.95629082990545,2.13189937849086,11,0
"BN","high",2066,2.03771228900409,1.9583986565765,2.11724785830267,11,0
"BN","high",2067,2.03093638757895,1.93980605200507,2.11444016293064,11,0
"BN","high",2068,2.02162575132468,1.93666038001323,2.10753795308699,11,0
"BN","high",2069,2.03422071891511,1.93161544150418,2.09680269337058,11,0
"BN","high",2070,2.04862442093609,1.92618499567904,2.1139779934795,11,0
"BN","high",2071,2.04211340324818,1.9457026747814,2.11143975600242,11,0
"BN","high",2072,2.02945111513902,1.93428945752988,2.09629966116254,11,0
"BN","high",2073,2.03522029335057,1.91909817538837,2.1048146940905,11,0
"BN","high",2074,2.03522446894043,1.94860019156329,2.09268421433723,11,0
"BN","high",2075,2.02854033694784,1.95125391921838,2.08511797621308,11,0
"BN","high",2076,2.03572294175305,1.94270101699585,2.07618973723928,11,0
"BN","high",2077,2.00596642988305,1.94351966764885,2.06391716340721,11,0
"BN","high",2078,2.00948449753581,1.94253721167089,2.04433492118808,11,0
"BN","high",2079,2.00262642959881,1.9529915854425,2.04075566265932,11,0
"BN","high",2080,1.9955292368896,1.95702999400536,2.03083170991584,11,0
"BN","high",2081,1.99452148462423,1.95312031527434,2.02160712413753,11,0
"BN","high",2082,1.99425523605629,1.96979823983771,2.0435627438043,11,0
"BN","high",2083,2.00876079874616,1.96235233690955,2.04531265611912,11,0
"BN","high",2084,1.99710290085987,1.96860095614869,2.06161897714856,11,0
"BN","high",2085,2.01284390639375,1.96235210145325,2.04924328151139,11,0
"BN","high",2086,2.02926265951707,1.96341989934816,2.07464953190084,11,0
"BN","high",2087,2.02760559989733,1.95485264592155,2.0784123319176,11,0
"BN","high",2088,2.03030372469462,1.94496960819581,2.07407217113444,11,0
"BN","high",2089,2.03745783939649,1.96897124343588,2.08331409924594,11,0
"BN","high",2090,2.04120746461335,1.96213298068007,2.08888529383153,11,0
"BN","high",2091,2.03870702783778,1.95446527630496,2.07704980642211,11,0
"BN","high",2092,2.03562204028297,1.96103299245034,2.08033572069675,11,0
"BN","high",2093,2.05324572683426,1.96673220521964,2.09591244912335,11,0
"BN","high",2094,2.05128530010514,1.95872904155578,2.08304202577334,11,0
"BN","high",2095,2.01121826589266,1.94820587966799,2.09564591992588,11,0
"BN","high",2096,1.99381407847081,1.95598732234146,2.11928438683969,11,0
"BN","high",2097,1.98885937209823,1.96756001687029,2.12694203655646,11,0
"BN","high",2098,2.01827620955868,1.96814205762848,2.12204316551648,11,0
"BN","low",2026,2.00155132699695,1.97079860897615,2.07093809271888,10,0
"BN","low",2027,1.98159294310594,1.9523739369277,2.05549378995326,10,0
"BN","low",2028,1.98972759687475,1.93194867281077,2.06402540340782,10,0
"BN","low",2029,1.99685941840148,1.92570953904222,2.05593827153192,10,0
"BN","low",2030,1.99203572332982,1.94034397515162,2.04917935320243,10,0
"BN","low",2031,1.99823739014917,1.955040406024,2.04465649847916,10,0
"BN","low",2032,2.00030400808525,1.93383134570704,2.05271575614511,10,0
"BN","low",2033,2.00038589753743,1.97073683392691,2.05464207248406,10,0
"BN","low",2034,2.01669313312662,1.9850583771673,2.06280577634184,10,0
"BN","low",2035,2.01681489511838,1.97137623318558,2.05723657357433,10,0
"BN","low",2036,2.01790166051534,1.96879612482206,2.04673204107724,10,0
"BN","low",2037,2.01583002999719,1.97803614023444,2.03756057622948,10,0
"BN","low",2038,2.00451300362389,1.97552561565687,2.05156399508604,10,0
"BN","low",2039,2.02216078713485,1.98384515087388,2.05985634670836,10,0
"BN","low",2040,2.01397484015504,1.98088020500018,2.05746258751795,10,0
"BN","low",2041,2.01470862313004,1.97697218612913,2.04224499361608,10,0
"BN","low",2042,2.02503483012022,1.98249065464874,2.05896003483864,10,0
"BN","low",2043,2.02227093311104,1.97839427731123,2.04880976469672,10,0
"BN","low",2044,2.02652674209459,1.98337071096035,2.03470430423347,10,0
"BN","low",2045,2.02400072447459,2.00437941398419,2.04017528888712,10,0
"BN","low",2046,2.02882459056836,1.98758955256155,2.05015874084758,10,0
"BN","low",2047,2.02158330995442,1.97250098552734,2.06689644358516,10,0
"BN","low",2048,2.01961271385026,1.9626870627534,2.07670748331926,10,0
"BN","low",2049,2.02770589780991,1.96443907711292,2.0640353260379,10,0
"BN","low",2050,2.03060497218122,1.9717217200719,2.08682023555356,10,0
"BN","low",2051,2.02533618593965,1.98044112871099,2.09312330098817,10,0
"BN","low",2052,2.03149605605849,1.98650885418246,2.10013544066214,10,0
"BN","low",2053,2.02949246454158,1.98205251906783,2.1035840584821,10,0
"BN","low",2054,2.02032956493585,1.99299518758952,2.11427979153775,10,0
"BN","low",2055,2.01538840376513,1.97983468570685,2.09224774797223,10,0
"BN","low",2056,2.03093041164343,1.99063608645022,2.10553650658991,10,0
"BN","low",2057,2.02904253043791,1.98112899301413,2.1261254968501,10,0
"BN","low",2058,2.03728328878165,1.99179777376033,2.13005101754032,10,0
"BN","low",2059,2.04924285011366,1.99930525965066,2.12685865215008,10,0
"BN","low",2060,2.04757407527763,1.99233609623709,2.1232075479113,10,0
"BN","low",2061,2.05871998273648,1.98971083482655,2.1291572747281,10,0
"BN","low",2062,2.05545140148482,2.00403049536883,2.1215788678863,10,0
"BN","low",2063,2.05967114916794,2.0000772083059,2.12890837697768,10,0
"BN","low",2064,2.04838657654385,2.01500652648434,2.12511719533077,10,0
"BN","low",2065,2.0554911763821,2.02767286330657,2.12837680061639,10,0
"BN","low",2066,2.04588860930678,2.02443560894958,2.12197447872076,10,0
"BN","low",2067,2.06209512436652,2.0091325443308,2.09989314637475,10,0
"BN","low",2068,2.05793215193951,2.0100725622373,2.11120178364449,10,0
"BN","low",2069,2.05668407580616,2.01079395859852,2.10968528052981,10,0
"BN","low",2070,2.04469374965134,1.99395228798337,2.10218371303781,10,0
"BN","low",2071,2.03465189557566,1.99469378412817,2.09942673854404,10,0
"BN","low",2072,2.04479079853984,1.97089140731772,2.11047889308045,10,0
"BN","low",2073,2.05237899299331,1.98852602334,2.10868570823303,10,0
"BN","low",2074,2.04680277183721,1.99281190650456,2.11521277638895,10,0
"BN","low",2075,2.04745573899745,1.99742972155883,2.09704012265532,10,0
"BN","low",2076,2.03824796105232,2.00874736247032,2.1120732225372,10,0
"BN","low",2077,2.03346867653637,2.00705570987952,2.11308398480517,10,0
"BN","low",2078,2.02873626649724,2.00270279149185,2.10169098531123,10,0
"BN","low",2079,2.02255276698391,2.00085857130757,2.1115913912596,10,0
"BN","low",2080,2.01964099866722,2.00277088545139,2.12269303080156,10,0
"BN","low",2081,2.02350842684084,1.99295030750104,2.11486808295821,10,0
"BN","low",2082,2.02896560747127,1.99477669515134,2.1184876239736,10,0
"BN","low",2083,2.03573373278823,2.00335443864769,2.12105860393608,10,0
"BN","low",2084,2.02701019759361,1.98699922848531,2.11402703211157,10,0
"BN","low",2085,2.0306194260253,1.99708714048209,2.1130588843949,10,0
"BN","low",2086,2.01829388216997,1.99193669214495,2.08084063053892,10,0
"BN","low",2087,2.02235376351801,2.0027279366636,2.08900782291941,10,0
"BN","low",2088,2.04423691812179,1.98626808953528,2.09416967838224,10,0
"BN","low",2089,2.04350744408066,1.98799411065193,2.1041953038829,10,0
"BN","low",2090,2.0475956452868,1.98345055360575,2.10765210226102,10,0
"BN","low",2091,2.04124288322925,2.00835967675175,2.10824174266446,10,0
"BN","low",2092,2.04058596942635,2.00947370493649,2.10743496292094,10,0
"BN","low",2093,2.04387321483469,2.00730396980706,2.09715935015387,10,0
"BN","low",2094,2.04582559220782,1.99694981314254,2.09599870117972,10,0
"BN","low",2095,2.04296419570424,2.00757398917303,2.0939953731879,10,0
"BN","low",2096,2.04730746575686,2.00485514206484,2.11511832999265,10,0
"BN","low",2097,2.0531195911696,2.01325969963154,2.11771341203218,10,0
"BN","low",2098,2.05429745237241,2.01361868904326,2.10356318551654,10,0
"DL","high",2026,2.32146141081652,2.29399955056747,2.34452473752061,11,0
"DL","high",2027,2.3068488701855,2.28374674433163,2.33201073869167,11,0
"DL","high",2028,2.29499192294164,2.24281352167535,2.33644790621714,11,0
"DL","high",2029,2.30589215196319,2.24009981574163,2.36315355562958,11,0
"DL","high",2030,2.29986422878261,2.25955104416546,2.36186017073796,11,0
"DL","high",2031,2.28854744832437,2.25677803111535,2.3601891703753,11,0
"DL","high",2032,2.30089194338404,2.2380929504144,2.3633599945212,11,0
"DL","high",2033,2.31145488893022,2.26326728830959,2.32096084723456,11,0
"DL","high",2034,2.30913786342142,2.25567684228739,2.33610399225302,11,0
"DL","high",2035,2.30245805222548,2.24317333648738,2.3350256685113,11,0
"DL","high",2036,2.30559059616183,2.2412532625202,2.32728410892033,11,0
"DL","high",2037,2.29554098373241,2.2200960571306,2.33996023950781,11,0
"DL","high",2038,2.27929351430939,2.21893968640422,2.32980864564732,11,0
"DL","high",2039,2.29373062533591,2.20230900392449,2.35400239131253,11,0
"DL","high",2040,2.28621472973781,2.20143515915246,2.35477664707048,11,0
"DL","high",2041,2.28723728520188,2.20851324737275,2.35590313251863,11,0
"DL","high",2042,2.28745977632851,2.20550397801825,2.35539009572179,11,0
"DL","high",2043,2.27512013139135,2.20243690778392,2.35703005122695,11,0
"DL","high",2044,2.28838769336231,2.20220900489899,2.3373007578143,11,0
"DL","high",2045,2.28658915700587,2.20476386792934,2.3425385523774,11,0
"DL","high",2046,2.26061662728863,2.21222637089322,2.33429710602529,11,0
"DL","high",2047,2.25113545251283,2.20882518296614,2.33500626605931,11,0
"DL","high",2048,2.24725787371568,2.20835915365654,2.33146737904187,11,0
"DL","high",2049,2.24181351758966,2.19505409791605,2.33528073819994,11,0
"DL","high",2050,2.23031911224046,2.1916571732833,2.32196982800117,11,0
"DL","high",2051,2.22432598527419,2.17083345900794,2.31295531962072,11,0
"DL","high",2052,2.22827511297307,2.16238576360387,2.31205808370531,11,0
"DL","high",2053,2.21190479081523,2.15204609199702,2.31864755945947,11,0
"DL","high",2054,2.20585795871942,2.14309762229662,2.30842450528313,11,0
"DL","high",2055,2.20545445927198,2.13763301530138,2.32751311524508,11,0
"DL","high",2056,2.19306926417495,2.12292243528872,2.33443866875596,11,0
"DL","high",2057,2.19278277979989,2.09554993518131,2.28944863298556,11,0
"DL","high",2058,2.21327047569928,2.11203449170458,2.31402143666734,11,0
"DL","high",2059,2.21103462964013,2.10660048608399,2.30545591419903,11,0
"DL","high",2060,2.23097632001353,2.11148557336006,2.25745040706489,11,0
"DL","high",2061,2.21806668085535,2.09563609637592,2.28780602920045,11,0
"DL","high",2062,2.21115746809365,2.11059220025861,2.28163306485456,11,0
"DL","high",2063,2.21311251777812,2.13048851524264,2.26143740624075,11,0
"DL","high",2064,2.19236316758954,2.13506235680986,2.25194801738649,11,0
"DL","high",2065,2.19474795250196,2.12337911860841,2.2510963334874,11,0
"DL","high",2066,2.1977152289001,2.11093069748952,2.23000250292948,11,0
"DL","high",2067,2.18492838618145,2.09986101166615,2.23055572104229,11,0
"DL","high",2068,2.18066103209486,2.100379928409,2.21576251467082,11,0
"DL","high",2069,2.18165508567081,2.11387889391513,2.20691668481825,11,0
"DL","high",2070,2.18309071886182,2.13261460097322,2.24984737993495,11,0
"DL","high",2071,2.19376710674342,2.1350848703716,2.24905456044975,11,0
"DL","high",2072,2.18037440640702,2.12475220538649,2.24482828197017,11,0
"DL","high",2073,2.17971988416751,2.13961325592155,2.24960138646001,11,0
"DL","high",2074,2.19085572671503,2.13906678813732,2.25108843775519,11,0
"DL","high",2075,2.19667035999679,2.14700619378223,2.25305450151213,11,0
"DL","high",2076,2.2024797317614,2.14056399859451,2.27283863288577,11,0
"DL","high",2077,2.2074228620298,2.15004783044099,2.26294466539018,11,0
"DL","high",2078,2.20059382402062,2.16298125280782,2.2638302045209,11,0
"DL","high",2079,2.21060564008481,2.17603065764755,2.26957305557213,11,0
"DL","high",2080,2.20943011122005,2.16740238213167,2.25953669815335,11,0
"DL","high",2081,2.20231768366692,2.18178023856715,2.27797860201282,11,0
"DL","high",2082,2.21715670114193,2.18680612566267,2.27912500973667,11,0
"DL","high",2083,2.22659708022996,2.18609145286226,2.28958699783157,11,0
"DL","high",2084,2.24262716222702,2.18590089697875,2.28779530633222,11,0
"DL","high",2085,2.25079995485207,2.19433180132385,2.29305553017799,11,0
"DL","high",2086,2.24415119199825,2.18173714792604,2.2915754397745,11,0
"DL","high",2087,2.2401516432712,2.16007172361067,2.29746626195417,11,0
"DL","high",2088,2.24444985925072,2.18809604226471,2.29342759644363,11,0
"DL","high",2089,2.25727472930274,2.18070328950852,2.31027559242172,11,0
"DL","high",2090,2.26482601828679,2.17616268397137,2.31702974495518,11,0
"DL","high",2091,2.26438516508987,2.18901960124182,2.31106165498827,11,0
"DL","high",2092,2.26054775566691,2.19377148520227,2.31656312040634,11,0
"DL","high",2093,2.27499580712693,2.19681667088185,2.340029663899,11,0
"DL","high",2094,2.28468571596699,2.20788973699785,2.32511631260255,11,0
"DL","high",2095,2.27444146269305,2.19452782168899,2.3443216082008,11,0
"DL","high",2096,2.26677427353763,2.18070232330667,2.37286972133067,11,0
"DL","high",2097,2.25098473518263,2.18605774917285,2.35251627577015,11,0
"DL","high",2098,2.2865102172426,2.18010105456641,2.35928891174886,11,0
"DL","low",2026,2.32308621291273,2.26621762582106,2.34503819355338,10,0
"DL","low",2027,2.29870924691301,2.2476540810503,2.32513740874587,10,0
"DL","low",2028,2.2993462401897,2.23986846278015,2.32087775203141,10,0
"DL","low",2029,2.29408199550321,2.23540434090418,2.32395129634108,10,0
"DL","low",2030,2.29364451368157,2.24567827988737,2.33327250110335,10,0
"DL","low",2031,2.30241393141138,2.23378630656032,2.33152206683372,10,0
"DL","low",2032,2.28998881330721,2.23690360368189,2.33424730415455,10,0
"DL","low",2033,2.29469180308393,2.24281300533836,2.32877460827376,10,0
"DL","low",2034,2.30377506558055,2.24252836358906,2.34752766121572,10,0
"DL","low",2035,2.29950146920928,2.22028261190497,2.33041493633544,10,0
"DL","low",2036,2.30001991144347,2.22086306843348,2.32341934273957,10,0
"DL","low",2037,2.29725950422487,2.23145060157943,2.33518123556816,10,0
"DL","low",2038,2.30222528650638,2.23940858475815,2.33007519286237,10,0
"DL","low",2039,2.32255216535619,2.23200526781419,2.34276816679537,10,0
"DL","low",2040,2.31195265983516,2.23051096652772,2.34389234080014,10,0
"DL","low",2041,2.29851780463176,2.23165956651225,2.33807845022067,10,0
"DL","low",2042,2.30729005515928,2.23357392283466,2.34705326025574,10,0
"DL","low",2043,2.29561614996707,2.22791301130735,2.3393448522233,10,0
"DL","low",2044,2.30516267873883,2.22777872118881,2.34035250755578,10,0
"DL","low",2045,2.30310587094397,2.24941361208617,2.3337546782255,10,0
"DL","low",2046,2.31206925014192,2.25091620431035,2.33406444445166,10,0
"DL","low",2047,2.31117540243998,2.24959048304113,2.34184910519988,10,0
"DL","low",2048,2.29918840099913,2.22839643885595,2.35734720394297,10,0
"DL","low",2049,2.30418431864993,2.23657456464319,2.3474315557689,10,0
"DL","low",2050,2.31709904338867,2.23204133374303,2.37364386327107,10,0
"DL","low",2051,2.31201627643095,2.23987822032577,2.37953397424248,10,0
"DL","low",2052,2.31753708020023,2.2510361891848,2.38365154486379,10,0
"DL","low",2053,2.33322824156049,2.23952511479801,2.38424884470109,10,0
"DL","low",2054,2.3273278756059,2.25456927601589,2.3719169640819,10,0
"DL","low",2055,2.32746692131212,2.23880132065038,2.3504828116596,10,0
"DL","low",2056,2.33136155551183,2.24513395655809,2.36018207925775,10,0
"DL","low",2057,2.323116810649,2.22847741484378,2.36388062304713,10,0
"DL","low",2058,2.31931176887015,2.22894504932694,2.37182696354265,10,0
"DL","low",2059,2.32041562278903,2.22797454060017,2.3721287618665,10,0
"DL","low",2060,2.32000777532288,2.21388717125246,2.3705532416173,10,0
"DL","low",2061,2.30670775936321,2.21135149897736,2.37869978283677,10,0
"DL","low",2062,2.31012531645359,2.23433932446186,2.37218872117064,10,0
"DL","low",2063,2.30027921397331,2.23612520395065,2.36817297481118,10,0
"DL","low",2064,2.30815490167709,2.23235453141229,2.36807553765416,10,0
"DL","low",2065,2.32159041506378,2.25290391726433,2.3844257622287,10,0
"DL","low",2066,2.31704864546177,2.24128563371428,2.36799732967845,10,0
"DL","low",2067,2.2896145974149,2.22193632273478,2.34603026722025,10,0
"DL","low",2068,2.292686284214,2.22828020462665,2.36198435191859,10,0
"DL","low",2069,2.28353872737178,2.23068783552676,2.3705123241843,10,0
"DL","low",2070,2.27868477991208,2.24366995749832,2.36155215173202,10,0
"DL","low",2071,2.26885649108337,2.22628150148198,2.3468058957976,10,0
"DL","low",2072,2.26176111008129,2.20128280854182,2.33748018524116,10,0
"DL","low",2073,2.27071676962454,2.20470258893742,2.33367673460991,10,0
"DL","low",2074,2.26870417086158,2.19827005097082,2.30659739088955,10,0
"DL","low",2075,2.25902164214309,2.20383427064362,2.29522663176374,10,0
"DL","low",2076,2.24954263359282,2.18613826153791,2.29398436084894,10,0
"DL","low",2077,2.2549895738089,2.18414008977212,2.29420872129819,10,0
"DL","low",2078,2.25466834554921,2.19666984163551,2.3023541265603,10,0
"DL","low",2079,2.24432767763064,2.19823815236164,2.30616551352336,10,0
"DL","low",2080,2.24574543441661,2.19523361794588,2.31490729969621,10,0
"DL","low",2081,2.24470801039218,2.18615216571101,2.30114832335309,10,0
"DL","low",2082,2.24764251862103,2.19367770806985,2.29358165408482,10,0
"DL","low",2083,2.2448580433053,2.207784221868,2.28206191062401,10,0
"DL","low",2084,2.24911221332407,2.19970405981965,2.29099870780698,10,0
"DL","low",2085,2.25822694802509,2.19024771489411,2.29594848682833,10,0
"DL","low",2086,2.24171959021874,2.18306431737219,2.30235453498078,10,0
"DL","low",2087,2.241978890108,2.19886000016973,2.30896122437394,10,0
"DL","low",2088,2.25290177527483,2.20102745986861,2.31036323634208,10,0
"DL","low",2089,2.26560645731971,2.20352251710929,2.32122209773895,10,0
"DL","low",2090,2.26058606754733,2.20317786404679,2.32784911709662,10,0
"DL","low",2091,2.25600829908441,2.22027741409903,2.32204912176667,10,0
"DL","low",2092,2.26973980136822,2.22165556988899,2.31521221339799,10,0
"DL","low",2093,2.27487080701656,2.2230285410681,2.31630983160957,10,0
"DL","low",2094,2.27127962136326,2.21212763344719,2.31851941238966,10,0
"DL","low",2095,2.27383973930138,2.21126450189387,2.31318606529065,10,0
"DL","low",2096,2.2871465025461,2.2185731356274,2.32926498626019,10,0
"DL","low",2097,2.28588088510535,2.24112473943182,2.33319590150713,10,0
"DL","low",2098,2.30294181868673,2.24428082599889,2.31533420266771,10,0
"FH","high",2026,1.31068280412125,1.29816679449456,1.33285103836461,11,0
"FH","high",2027,1.30335205576414,1.29104052095866,1.33222876051808,11,0
"FH","high",2028,1.30876199631359,1.28442407508404,1.34471390974426,11,0
"FH","high",2029,1.31637260268788,1.2895944872755,1.35437343865528,11,0
"FH","high",2030,1.32537037057187,1.29484124413219,1.34468537677539,11,0
"FH","high",2031,1.32826014143999,1.31319221955178,1.3526274420353,11,0
"FH","high",2032,1.33068860673723,1.31628830957993,1.3698514850675,11,0
"FH","high",2033,1.338107508163,1.32874244113524,1.36531606957149,11,0
"FH","high",2034,1.35406005011768,1.33369025153627,1.36335101140622,11,0
"FH","high",2035,1.35971876527045,1.34572043630643,1.38986445753459,11,0
"FH","high",2036,1.37294750315199,1.34686945380836,1.40716923374577,11,0
"FH","high",2037,1.37819108566208,1.36147503269363,1.42030607357011,11,0
"FH","high",2038,1.39097270855232,1.35747269441517,1.43465909616777,11,0
"FH","high",2039,1.40032417463318,1.37196197237919,1.45188904441784,11,0
"FH","high",2040,1.39997419111678,1.37615029586785,1.46440815223483,11,0
"FH","high",2041,1.41813474956613,1.38286618476985,1.47656760232876,11,0
"FH","high",2042,1.42956860792257,1.38982954719789,1.47758371561459,11,0
"FH","high",2043,1.43628523992738,1.39760845121174,1.47991945679644,11,0
"FH","high",2044,1.44536918708948,1.41244743542524,1.47682052004941,11,0
"FH","high",2045,1.45084706715409,1.41112545073919,1.4752054516664,11,0
"FH","high",2046,1.46097387613474,1.41582746800218,1.48208322447652,11,0
"FH","high",2047,1.46344497988952,1.41327285508356,1.49440346490339,11,0
"FH","high",2048,1.47417590746104,1.428295641453,1.50227409225242,11,0
"FH","high",2049,1.47844603210375,1.43657855187716,1.51476435885556,11,0
"FH","high",2050,1.4820566116179,1.45050025692438,1.52617439781624,11,0
"FH","high",2051,1.48528876729829,1.45736933298873,1.53136040886377,11,0
"FH","high",2052,1.49260201219519,1.45775832609206,1.53647622495065,11,0
"FH","high",2053,1.49748872033425,1.45636057571867,1.54961795796644,11,0
"FH","high",2054,1.50107351632623,1.46011811274052,1.54713661166647,11,0
"FH","high",2055,1.51193970811675,1.46892210053683,1.54767397725207,11,0
"FH","high",2056,1.51584215629858,1.47991013062655,1.56361118895729,11,0
"FH","high",2057,1.52281258831953,1.48573764947734,1.55853609523594,11,0
"FH","high",2058,1.53306965468224,1.49518549092672,1.58074156730825,11,0
"FH","high",2059,1.53610611546407,1.50868059295203,1.56505924264921,11,0
"FH","high",2060,1.53884789397339,1.51784883095804,1.56415289960575,11,0
"FH","high",2061,1.54589596936333,1.51221979188482,1.56816373869077,11,0
"FH","high",2062,1.54156899129695,1.52103893985215,1.56981271222039,11,0
"FH","high",2063,1.55093120849338,1.53225492207676,1.58447565879461,11,0
"FH","high",2064,1.56553297174116,1.53797225280438,1.59165778718071,11,0
"FH","high",2065,1.57911860798737,1.53319453753075,1.59655980600914,11,0
"FH","high",2066,1.58920249780822,1.54121314690748,1.61621083604276,11,1
"FH","high",2067,1.60182742073475,1.54799906460156,1.62333455299051,11,1
"FH","high",2068,1.60738835524611,1.54814613916489,1.63395931578424,11,1
"FH","high",2069,1.60939828937995,1.56097830452011,1.63563056236904,11,1
"FH","high",2070,1.6193057747596,1.5823110763877,1.64793341713519,11,1
"FH","high",2071,1.6200879229036,1.58457512582296,1.66120169202629,11,1
"FH","high",2072,1.62479614414029,1.58932122494075,1.66838395741217,11,1
"FH","high",2073,1.63209735255548,1.59459769263227,1.68087509036808,11,1
"FH","high",2074,1.64015396556316,1.60424811366467,1.69903204450038,11,1
"FH","high",2075,1.64422268080096,1.61821269691767,1.70735644518421,11,1
"FH","high",2076,1.6472302241137,1.61446246253552,1.73821422606166,11,1
"FH","high",2077,1.65234961277737,1.62167141343864,1.76953479050839,11,1
"FH","high",2078,1.66409738282301,1.62559788607824,1.77699909595635,11,1
"FH","high",2079,1.67839523092061,1.63670964260894,1.77850592622948,11,1
"FH","high",2080,1.68034856195979,1.63885984456382,1.78683292356275,11,1
"FH","high",2081,1.68605353602183,1.63650238697765,1.78293233250631,11,1
"FH","high",2082,1.68954381683989,1.63925893192987,1.77742331284952,11,1
"FH","high",2083,1.69827116300775,1.64289244111102,1.77751608813637,11,1
"FH","high",2084,1.70267930476184,1.63664364678579,1.78202555822393,11,1
"FH","high",2085,1.70477252129238,1.63551507929341,1.7911643651416,11,1
"FH","high",2086,1.70068305223057,1.6374598848896,1.77581793811414,11,1
"FH","high",2087,1.7063941860494,1.63641710831469,1.7589373961478,11,1
"FH","high",2088,1.71145094512195,1.64957219647018,1.75304505014099,11,1
"FH","high",2089,1.70654082748695,1.65429398794388,1.75493865328481,11,1
"FH","high",2090,1.70458220984719,1.64694872357651,1.75389516075501,11,1
"FH","high",2091,1.70619520242587,1.6527004347578,1.76031059705386,11,1
"FH","high",2092,1.707419080365,1.6553297885203,1.76009015718108,11,1
"FH","high",2093,1.71532913844017,1.65600180221451,1.75756946218201,11,1
"FH","high",2094,1.70280206583551,1.65821540629872,1.74453105176601,11,1
"FH","high",2095,1.69806582799831,1.65327026453692,1.74045401015859,11,1
"FH","high",2096,1.70853124988651,1.64744104106212,1.75363569874242,11,1
"FH","high",2097,1.70188869701729,1.65175718844266,1.76017810388285,11,1
"FH","high",2098,1.68878861167114,1.64899837317697,1.73453827981978,11,1
"FH","low",2026,1.32965151217626,1.28149965640523,1.33423725972907,10,0
"FH","low",2027,1.31855151647787,1.28095980395704,1.33441449214698,10,0
"FH","low",2028,1.31932819772898,1.27446063186354,1.33146511597997,10,0
"FH","low",2029,1.3229893954583,1.28508193339359,1.33407999819612,10,0
"FH","low",2030,1.32484119234631,1.28633859628681,1.34424029035784,10,0
"FH","low",2031,1.33664969402105,1.28927185164466,1.34400399776067,10,0
"FH","low",2032,1.33593055564156,1.29025353321447,1.35303699693762,10,0
"FH","low",2033,1.33281087507967,1.29675534879722,1.3444139877921,10,0
"FH","low",2034,1.33855096556864,1.3101031056096,1.35045487408746,10,0
"FH","low",2035,1.33953758569298,1.31567076147646,1.36101806664703,10,0
"FH","low",2036,1.34614078373058,1.32566925536883,1.36596039095405,10,0
"FH","low",2037,1.35017580794559,1.333472592025,1.36650399769379,10,0
"FH","low",2038,1.3555443899933,1.33256383535284,1.37868097886687,10,0
"FH","low",2039,1.36276190490561,1.33531902106283,1.38258924832164,10,0
"FH","low",2040,1.37133496301142,1.33282921211722,1.37996534134189,10,0
"FH","low",2041,1.3609282309785,1.32682207761846,1.38397845342906,10,0
"FH","low",2042,1.35774129797413,1.32770051124353,1.38604884522481,10,0
"FH","low",2043,1.35963195478795,1.32903302133147,1.38402566732388,10,0
"FH","low",2044,1.3652145680979,1.33624335714246,1.38683194906048,10,0
"FH","low",2045,1.36756148708182,1.33785758115014,1.38369100204273,10,0
"FH","low",2046,1.36455819568759,1.34296934164571,1.38976557919095,10,0
"FH","low",2047,1.36915915091879,1.3478061958085,1.38683620883178,10,0
"FH","low",2048,1.36241345983371,1.34877012892575,1.39243057066419,10,0
"FH","low",2049,1.3674599795551,1.35365180126611,1.40346449861007,10,0
"FH","low",2050,1.36985104367972,1.355640592657,1.40789392823267,10,0
"FH","low",2051,1.36955093450064,1.35853518604638,1.40388966277621,10,0
"FH","low",2052,1.37514885532057,1.35776586122556,1.39440188401103,10,0
"FH","low",2053,1.38986624430831,1.37312620119631,1.40075865912072,10,0
"FH","low",2054,1.39246195500646,1.38051393709166,1.40577847748649,10,0
"FH","low",2055,1.3959517024961,1.38309857378613,1.40979997875961,10,0
"FH","low",2056,1.40201134613253,1.38728762101535,1.41629047549188,10,0
"FH","low",2057,1.40534753646874,1.38636053739981,1.42346210171142,10,0
"FH","low",2058,1.41023488066358,1.38822407631557,1.42566224450087,10,0
"FH","low",2059,1.41284049962374,1.39525491031141,1.43424673083687,10,0
"FH","low",2060,1.41828530946148,1.39766222603543,1.43745523353575,10,0
"FH","low",2061,1.41931817156716,1.4078901438133,1.44832127925211,10,0
"FH","low",2062,1.43238034246901,1.40970488830151,1.46598867760483,10,0
"FH","low",2063,1.43353668779947,1.41311364930962,1.47428168528523,10,0
"FH","low",2064,1.43958323852413,1.41865413871808,1.4864692029275,10,0
"FH","low",2065,1.43779833764007,1.42589791525328,1.49451384095987,10,0
"FH","low",2066,1.44283080517479,1.43144564220913,1.49780496622231,10,0
"FH","low",2067,1.45318318233077,1.43862205164042,1.50373418932757,10,0
"FH","low",2068,1.46153043291148,1.44381782333683,1.50306262442711,10,0
"FH","low",2069,1.46887916464528,1.43922020521628,1.51027492178073,10,0
"FH","low",2070,1.46741392018219,1.4478368047705,1.51231043062968,10,0
"FH","low",2071,1.46802842336855,1.44428384271036,1.51633584055522,10,0
"FH","low",2072,1.47794373279688,1.45057659554627,1.52120162417878,10,0
"FH","low",2073,1.48317411137674,1.45875785090426,1.52389311660001,10,0
"FH","low",2074,1.48707076141133,1.45744245927918,1.52288859555274,10,0
"FH","low",2075,1.48636891490378,1.45741415027576,1.52824223958147,10,0
"FH","low",2076,1.48999962239806,1.46712147242291,1.53921774366998,10,0
"FH","low",2077,1.4994639470123,1.47171756143732,1.53698882526362,10,0
"FH","low",2078,1.50486015935703,1.47525732279004,1.53580253378018,10,0
"FH","low",2079,1.50598215815155,1.48032211412198,1.53081063989439,10,0
"FH","low",2080,1.50922646326094,1.47989381797712,1.53354513144328,10,0
"FH","low",2081,1.50816395160177,1.4835425795208,1.52818449353947,10,0
"FH","low",2082,1.50630749782258,1.48571015072503,1.5282533306815,10,0
"FH","low",2083,1.50176532388206,1.48368053079331,1.50967779085646,10,0
"FH","low",2084,1.50133574240429,1.48603381857426,1.51251295106645,10,0
"FH","low",2085,1.49814236553515,1.48610947603543,1.50827919062199,10,0
"FH","low",2086,1.4948860068328,1.48297960890873,1.51243569024368,10,0
"FH","low",2087,1.49780278568918,1.48530883276433,1.51596064140905,10,0
"FH","low",2088,1.49243292179538,1.48066358115882,1.52015766218546,10,0
"FH","low",2089,1.49530586086424,1.47444884925866,1.51905591997172,10,0
"FH","low",2090,1.49444161168092,1.47089158834084,1.51951017282789,10,0
"FH","low",2091,1.50118553997055,1.46917451977678,1.52132078549192,10,0
"FH","low",2092,1.50317608847825,1.47698822166176,1.52216195751105,10,0
"FH","low",2093,1.49738580316486,1.47186531590689,1.52060575231246,10,0
"FH","low",2094,1.49622631622001,1.46563728515647,1.51854278581631,10,0
"FH","low",2095,1.49069838014944,1.46377735232148,1.52330282073816,10,0
"FH","low",2096,1.49682921069041,1.45879811921273,1.52484378225118,10,0
"FH","low",2097,1.4956395100159,1.4650352641892,1.5390643655431,10,0
"FH","low",2098,1.50460640247945,1.45065792316645,1.53548713159184,10,0
"GR","high",2026,2.07300527645022,2.02456603711435,2.11996451338991,11,0
"GR","high",2027,2.05577837140383,2.00128080765183,2.13074195733261,11,0
"GR","high",2028,2.05491768313534,2.01327584681567,2.12122417686652,11,0
"GR","high",2029,2.05455241795872,2.02150085408468,2.10540958295658,11,0
"GR","high",2030,2.05398029805853,2.01444164844325,2.07355923247124,11,0
"GR","high",2031,2.04357216884826,2.01412068143236,2.07357872428309,11,0
"GR","high",2032,2.03742135360186,1.99663998415779,2.07252284276652,11,0
"GR","high",2033,2.02652499127636,1.9902040812989,2.05768998686402,11,0
"GR","high",2034,2.02480322416838,1.98989766549282,2.05992742334545,11,0
"GR","high",2035,2.02219005726937,1.99279017965122,2.05190194308855,11,0
"GR","high",2036,1.99780629312458,1.97764873674864,2.05695638122355,11,0
"GR","high",2037,1.98291594048666,1.95967867449232,2.04631686894274,11,0
"GR","high",2038,1.98364189017763,1.95618415602823,2.06902491092028,11,0
"GR","high",2039,1.98096965071552,1.95009316074621,2.06377128005255,11,0
"GR","high",2040,1.96683107730292,1.92859995009788,2.07116771664372,11,0
"GR","high",2041,1.97131885870802,1.92324881948205,2.06773895764843,11,0
"GR","high",2042,1.95749294685523,1.90228033360777,2.06323718762743,11,0
"GR","high",2043,1.95219143843233,1.90439175313632,2.077486382314,11,0
"GR","high",2044,1.94244746018783,1.89913872045892,2.04926822068241,11,0
"GR","high",2045,1.94322855702078,1.88830765067875,2.03000161865265,11,0
"GR","high",2046,1.95269896872082,1.89338570318317,2.02449761914006,11,0
"GR","high",2047,1.94344247705664,1.87670798986362,2.03616690572192,11,0
"GR","high",2048,1.94577168930429,1.88030143379465,2.02034832309823,11,0
"GR","high",2049,1.93785403997686,1.88501319445928,2.0241994181265,11,0
"GR","high",2050,1.94236112466438,1.88863330137577,2.02353893201145,11,0
"GR","high",2051,1.9351599232615,1.86628737075132,2.03569158316931,11,0
"GR","high",2052,1.93805740993719,1.85984971233632,2.0435438412664,11,0
"GR","high",2053,1.95266130609377,1.85411978984804,2.04597284244963,11,0
"GR","high",2054,1.9382986644851,1.84891443721674,2.03127574116142,11,0
"GR","high",2055,1.93373588723841,1.85385889134498,2.04553322009552,11,0
"GR","high",2056,1.92489185510243,1.84988863423335,2.08812342891392,11,0
"GR","high",2057,1.92795454892658,1.8300036538733,2.07738387971104,11,0
"GR","high",2058,1.92711224955823,1.84635427881012,2.07898781593932,11,0
"GR","high",2059,1.9423716628691,1.83576482857639,2.07447278839616,11,0
"GR","high",2060,1.94128749989896,1.85237451231453,2.03963008892668,11,0
"GR","high",2061,1.93840225494023,1.85136688409037,2.08089375954057,11,0
"GR","high",2062,1.93290811435548,1.85273987284916,2.06875964812012,11,0
"GR","high",2063,1.96004796658226,1.86080812965525,2.05361520698608,11,0
"GR","high",2064,1.96078086889203,1.85948108474249,2.05613815423956,11,0
"GR","high",2065,1.97082716163591,1.86569328044212,2.05878576781198,11,0
"GR","high",2066,1.96325947843334,1.88235978843984,2.04796098795261,11,0
"GR","high",2067,1.96178837106794,1.87049799962522,2.05153338579376,11,0
"GR","high",2068,1.95887636225543,1.87194038059992,2.05084705240971,11,0
"GR","high",2069,1.97922950590225,1.87397959218258,2.04662741409714,11,0
"GR","high",2070,2.00290730865858,1.8787376051087,2.07160304364047,11,0
"GR","high",2071,2.00374951876617,1.90375421899333,2.07713709426387,11,0
"GR","high",2072,1.99967496733479,1.89920003282246,2.07048948227428,11,0
"GR","high",2073,2.01460532087715,1.8923677167658,2.08789232638965,11,0
"GR","high",2074,2.02564027522939,1.93279740609167,2.08399424469249,11,0
"GR","high",2075,2.02449813256559,1.94385403127095,2.08556567903478,11,0
"GR","high",2076,2.03212009675443,1.9440509506365,2.08459884540448,11,0
"GR","high",2077,2.01091278192147,1.95463095794798,2.08237038082932,11,0
"GR","high",2078,2.03454125707527,1.96370315265418,2.07226297878867,11,0
"GR","high",2079,2.03865505196528,1.98493671789564,2.07913656211855,11,0
"GR","high",2080,2.03793712489928,1.99877084456875,2.07814354889797,11,0
"GR","high",2081,2.03761971425211,1.99868525042256,2.07142145032723,11,0
"GR","high",2082,2.03870954748232,2.01183874634335,2.09048531714683,11,0
"GR","high",2083,2.05332787402704,2.00370973864731,2.09258110072909,11,0
"GR","high",2084,2.04476697565318,2.01117520171567,2.111657917557,11,0
"GR","high",2085,2.05864790730414,2.00482603239123,2.09445585481154,11,0
"GR","high",2086,2.07594400328067,2.00572390464821,2.12223350812429,11,0
"GR","high",2087,2.0732989782667,1.9928737522353,2.12656820808577,11,0
"GR","high",2088,2.07580934192375,1.98357219221331,2.12237883435632,11,0
"GR","high",2089,2.08469215654983,2.00961167890342,2.13204713413577,11,0
"GR","high",2090,2.0888305564537,2.0071055232663,2.13791844634247,11,0
"GR","high",2091,2.08620768337,1.9975883808177,2.12544902696776,11,0
"GR","high",2092,2.08319996364196,2.00152336657786,2.12922686281432,11,0
"GR","high",2093,2.1047936570198,2.00738831522094,2.14559954733655,11,0
"GR","high",2094,2.10390349265515,2.00096015474815,2.13133209574399,11,0
"GR","high",2095,2.05644264575129,1.99181433860955,2.14470978836238,11,0
"GR","high",2096,2.03953864111052,1.99898738236782,2.17091081571187,11,0
"GR","high",2097,2.03322983785262,2.01258687408922,2.17930116669153,11,0
"GR","high",2098,2.06353258437147,2.01077663880553,2.1740616907624,11,0
"GR","low",2026,2.08132579056067,2.04459768609074,2.1528948761735,10,0
"GR","low",2027,2.06264966397097,2.02566416647812,2.1371868831817,10,0
"GR","low",2028,2.0640678669333,2.00114998176835,2.14129413463053,10,0
"GR","low",2029,2.0668518633115,1.99066366790641,2.13058356960103,10,0
"GR","low",2030,2.05708732025315,2.00219220905654,2.11819513627887,10,0
"GR","low",2031,2.05891186933433,2.01132873565594,2.10512378355829,10,0
"GR","low",2032,2.05548468818967,1.98504389398807,2.1083241514961,10,0
"GR","low",2033,2.05341255681291,2.01941157580195,2.10473100606331,10,0
"GR","low",2034,2.0604484792936,2.03026129803319,2.11242863751237,10,0
"GR","low",2035,2.05484778050467,2.00954356522752,2.10059058579153,10,0
"GR","low",2036,2.05045667287583,2.00090572660052,2.08349166839157,10,0
"GR","low",2037,2.04129538740879,2.00446237557645,2.06828026139497,10,0
"GR","low",2038,2.02737305322495,1.99288478753637,2.07793795714123,10,0
"GR","low",2039,2.039876386249,1.99781034619436,2.08094216386387,10,0
"GR","low",2040,2.02275099750812,1.98887113065736,2.0719788494572,10,0
"GR","low",2041,2.02109781673251,1.98141125974425,2.05157094400488,10,0
"GR","low",2042,2.02623913035764,1.98557604005018,2.06756514353104,10,0
"GR","low",2043,2.02198542851714,1.97774095728086,2.05485220917087,10,0
"GR","low",2044,2.02271130037229,1.97999096800477,2.03454820448475,10,0
"GR","low",2045,2.02046239353906,1.99441534468942,2.03575079172901,10,0
"GR","low",2046,2.02147548797507,1.9735103009979,2.04883280828309,10,0
"GR","low",2047,2.01009950557611,1.9546548382218,2.05901920193744,10,0
"GR","low",2048,2.00263930457592,1.94457527654399,2.06608106050808,10,0
"GR","low",2049,2.00747557295315,1.94395556727395,2.05355291842168,10,0
"GR","low",2050,2.00869879258541,1.94892050207192,2.07379678189889,10,0
"GR","low",2051,2.00008296321367,1.95433564245589,2.07660556205433,10,0
"GR","low",2052,2.00082961541699,1.95701005459714,2.08122336218962,10,0
"GR","low",2053,1.99568104263967,1.94941770938539,2.07671258359276,10,0
"GR","low",2054,1.9831475287543,1.95690434435916,2.08470235889441,10,0
"GR","low",2055,1.98078952542421,1.94042510700023,2.05914355604755,10,0
"GR","low",2056,1.99150279320439,1.94973202857075,2.06939831540801,10,0
"GR","low",2057,1.98222571943684,1.93741389728791,2.08721164390642,10,0
"GR","low",2058,1.98849419368349,1.94216670024604,2.09045009361437,10,0
"GR","low",2059,1.99846121675034,1.94717875277089,2.08461894556444,10,0
"GR","low",2060,1.99440263435942,1.93580463024337,2.07776352841022,10,0
"GR","low",2061,2.00279871923371,1.93016176660163,2.08170857801678,10,0
"GR","low",2062,1.99654612677443,1.94043756427899,2.07204009985491,10,0
"GR","low",2063,1.9978268155538,1.93993648415001,2.07682849738576,10,0
"GR","low",2064,1.98330802858967,1.95222299740103,2.06975344270859,10,0
"GR","low",2065,1.98676008995989,1.96251591125219,2.0700735837669,10,0
"GR","low",2066,1.97632182479019,1.95586379094001,2.06134601292681,10,0
"GR","low",2067,1.99113952446543,1.93540182179705,2.02961504860787,10,0
"GR","low",2068,1.98525555622879,1.93171336254701,2.04060451195368,10,0
"GR","low",2069,1.98348942867895,1.93139154337917,2.03494581288569,10,0
"GR","low",2070,1.96894737872366,1.91034544295956,2.02486268486608,10,0
"GR","low",2071,1.95425909292044,1.91123250658728,2.0191702958707,10,0
"GR","low",2072,1.96246340589141,1.88238757414797,2.02810850338866,10,0
"GR","low",2073,1.9662332266589,1.89799024994242,2.02412302506092,10,0
"GR","low",2074,1.95840819978874,1.90095898983939,2.02887843878396,10,0
"GR","low",2075,1.95886908148478,1.90792842140299,2.010547056169,10,0
"GR","low",2076,1.9502606680158,1.91612589503902,2.02239510612593,10,0
"GR","low",2077,1.94050933939371,1.91066975941277,2.02327662519043,10,0
"GR","low",2078,1.93706184410119,1.9083725563999,2.01062461893867,10,0
"GR","low",2079,1.92737855877897,1.90298476015122,2.01825984060492,10,0
"GR","low",2080,1.92538185545191,1.90405178890713,2.02852748595498,10,0
"GR","low",2081,1.9269721980727,1.89516639824581,2.02166502295823,10,0
"GR","low",2082,1.93294925747397,1.89706570401038,2.02547329483001,10,0
"GR","low",2083,1.9400722887682,1.90638877976885,2.02828574658035,10,0
"GR","low",2084,1.93104125702367,1.88921220113525,2.02050961037132,10,0
"GR","low",2085,1.93448509099001,1.89601064060761,2.02022385590282,10,0
"GR","low",2086,1.92085825203976,1.89371516474014,1.98637241767676,10,0
"GR","low",2087,1.92495012767872,1.90523534866823,1.99482545285841,10,0
"GR","low",2088,1.94758477480766,1.88889012911294,2.00123336192451,10,0
"GR","low",2089,1.94698406709238,1.890286137282,2.00990658716328,10,0
"GR","low",2090,1.95281478444128,1.88590981412449,2.0136074064361,10,0
"GR","low",2091,1.94583998050049,1.91112673787639,2.01411860821629,10,0
"GR","low",2092,1.94457938450821,1.91299685339321,2.01412798430657,10,0
"GR","low",2093,1.9493295801973,1.91122570513638,2.00306435003919,10,0
"GR","low",2094,1.95148799708987,1.90037671656058,1.99987669134628,10,0
"GR","low",2095,1.94434589931816,1.91242515899206,1.99909160333524,10,0
"GR","low",2096,1.95130572411842,1.90840161857677,2.02162899933698,10,0
"GR","low",2097,1.95498643485756,1.91693518892358,2.02458212406516,10,0
"GR","low",2098,1.95816730393016,1.91813924744438,2.00945547451255,10,0
"HU","high",2026,1.74548052991697,1.71489534880959,1.78801443867667,11,0
"HU","high",2027,1.71297923972465,1.67641537365931,1.76011203271702,11,0
"HU","high",2028,1.71476482332065,1.68458323268164,1.75533114322118,11,0
"HU","high",2029,1.74516871360803,1.70151172350323,1.77148074912273,11,0
"HU","high",2030,1.75586267471395,1.71310294834882,1.78379789351652,11,0
"HU","high",2031,1.7583561958298,1.72656269338381,1.78985818314638,11,0
"HU","high",2032,1.76308754848057,1.72600571023886,1.79788865463452,11,0
"HU","high",2033,1.76748285776722,1.72844488231997,1.81766560663966,11,0
"HU","high",2034,1.78837887154941,1.74223851575056,1.82711141243858,11,0
"HU","high",2035,1.78817476132618,1.75281086488183,1.83745608939738,11,0
"HU","high",2036,1.7824334374421,1.7559297149043,1.84428198119281,11,0
"HU","high",2037,1.79186578373204,1.76165399668452,1.85498116380791,11,0
"HU","high",2038,1.82309678971992,1.76218210568314,1.87223809940058,11,0
"HU","high",2039,1.84435924130001,1.77630458500448,1.8959236489046,11,1
"HU","high",2040,1.85208695458553,1.78452451253776,1.90916054489713,11,1
"HU","high",2041,1.8628081575091,1.78824213482517,1.91697990676756,11,1
"HU","high",2042,1.86463686190342,1.79346282406826,1.92211612646834,11,1
"HU","high",2043,1.87789980908168,1.8060828359949,1.92986327428556,11,1
"HU","high",2044,1.87587054954876,1.82224125769726,1.93862124849695,11,1
"HU","high",2045,1.87470719203059,1.80378374065723,1.94586417914288,11,1
"HU","high",2046,1.88389113770817,1.81887977558854,1.95801424302913,11,1
"HU","high",2047,1.8784270970891,1.82119848855057,1.95483007215926,11,1
"HU","high",2048,1.89237785503818,1.82226197180676,1.95471722838597,11,1
"HU","high",2049,1.89603238435874,1.83642642822741,1.96647022160168,11,1
"HU","high",2050,1.90020441569729,1.852227239812,1.96986933855945,11,1
"HU","high",2051,1.89733187624775,1.8634022553056,1.95241307481323,11,1
"HU","high",2052,1.90995748125774,1.86422686565643,1.95545064303668,11,1
"HU","high",2053,1.90718947982227,1.86077575578332,1.96741794054551,11,1
"HU","high",2054,1.89610391162811,1.85972804898608,1.95379058708015,11,1
"HU","high",2055,1.88685321638681,1.84192896595289,1.94150222453104,11,1
"HU","high",2056,1.87948125728249,1.82526670568125,1.93919548458604,11,1
"HU","high",2057,1.87102745134858,1.81644414476426,1.92439552690702,11,1
"HU","high",2058,1.86274773913767,1.81557197602804,1.92298615037145,11,1
"HU","high",2059,1.86044177134647,1.80368231103305,1.90519028247619,11,1
"HU","high",2060,1.84973216709715,1.8076271139612,1.89116645707489,11,1
"HU","high",2061,1.83380937889485,1.76857845325736,1.89130070696073,11,1
"HU","high",2062,1.82274502361267,1.76026941651007,1.8802837083038,11,1
"HU","high",2063,1.81327711093383,1.75277245340991,1.87227117366837,11,1
"HU","high",2064,1.80773341803213,1.7448840465967,1.8702014259909,11,1
"HU","high",2065,1.79883279690211,1.7407331620259,1.85581445411963,11,1
"HU","high",2066,1.80619992021621,1.72754694890795,1.8604485071134,11,1
"HU","high",2067,1.79118078231458,1.72528656236431,1.84487825632121,11,1
"HU","high",2068,1.78724981914001,1.71996131575647,1.83336693129527,11,1
"HU","high",2069,1.77940550236449,1.70450781326784,1.82306619326744,11,1
"HU","high",2070,1.77355171665612,1.69401324030943,1.81402454434123,11,1
"HU","high",2071,1.76625840002934,1.68713292408666,1.82044548408469,11,1
"HU","high",2072,1.75090845455105,1.67515285544072,1.81157615491765,11,1
"HU","high",2073,1.74064056453314,1.66694949208542,1.80051476012496,11,1
"HU","high",2074,1.72542572445464,1.65696974738488,1.79462436367616,11,1
"HU","high",2075,1.71161421608429,1.65309554880407,1.7678194014371,11,1
"HU","high",2076,1.68864744450995,1.63988630699171,1.78753902436605,11,1
"HU","high",2077,1.6671327434542,1.63769577548021,1.78368526719397,11,1
"HU","high",2078,1.67887962120182,1.63639705822505,1.77196698908021,11,1
"HU","high",2079,1.66465236072756,1.62522412449841,1.75595154104693,11,1
"HU","high",2080,1.65518907085302,1.61821562162898,1.74799083177956,11,1
"HU","high",2081,1.6440483022401,1.62782506771349,1.75374734772354,11,1
"HU","high",2082,1.65592941020883,1.62479901480227,1.75316111170844,11,1
"HU","high",2083,1.65963076090217,1.62373461561853,1.7518163875287,11,1
"HU","high",2084,1.65803508630804,1.62877636709128,1.7441291115811,11,1
"HU","high",2085,1.67153386247999,1.62484861005222,1.73453290361831,11,1
"HU","high",2086,1.66977289892801,1.6317045386567,1.72087228895064,11,1
"HU","high",2087,1.67784034139008,1.63176726318011,1.7079947855296,11,1
"HU","high",2088,1.67693391650807,1.63145231559425,1.71750836744578,11,1
"HU","high",2089,1.69056744583749,1.6293463809542,1.71837552778704,11,1
"HU","high",2090,1.69459344467716,1.6394059362377,1.72535602358194,11,1
"HU","high",2091,1.69929252287997,1.62330732712315,1.72472854706752,11,1
"HU","high",2092,1.70083514095982,1.62143423597978,1.72791542310927,11,1
"HU","high",2093,1.71129997204744,1.62128357690867,1.74227418416939,11,1
"HU","high",2094,1.69913552184207,1.63752380381393,1.7351374725852,11,1
"HU","high",2095,1.69312718380616,1.63672719532933,1.72703684553335,11,1
"HU","high",2096,1.70110221467736,1.63663895020415,1.73055320761784,11,1
"HU","high",2097,1.68998348207659,1.63782615220863,1.72627418065474,11,1
"HU","high",2098,1.70756846905921,1.63236586440375,1.74135974518714,11,1
"HU","low",2026,1.72245679315206,1.67864996279972,1.76446144206767,10,0
"HU","low",2027,1.6956125581534,1.63222407865204,1.73371893064179,10,0
"HU","low",2028,1.70427837575539,1.62649609860127,1.73524965016114,10,0
"HU","low",2029,1.71183450265147,1.65487404854084,1.74585017772678,10,0
"HU","low",2030,1.70726673991032,1.65325119348914,1.75313062123758,10,0
"HU","low",2031,1.69579327928867,1.66501944893449,1.74347639932369,10,0
"HU","low",2032,1.70928711949683,1.68015230181256,1.7620401644669,10,0
"HU","low",2033,1.70412365704844,1.68097580057835,1.76408326929137,10,0
"HU","low",2034,1.72687693372208,1.68566153738659,1.77872591963349,10,0
"HU","low",2035,1.72935984356864,1.686516162905,1.78023441936494,10,0
"HU","low",2036,1.74569080314575,1.69906803867549,1.7860920213609,10,0
"HU","low",2037,1.74550481792439,1.69982505608478,1.80108754496015,10,0
"HU","low",2038,1.75134445705262,1.71024583550394,1.80301377527986,10,0
"HU","low",2039,1.76418899143821,1.72282777351757,1.81014659232842,10,0
"HU","low",2040,1.77538014691132,1.72731870172715,1.81261644147711,10,0
"HU","low",2041,1.76572123246391,1.7301876166366,1.79885331493461,10,0
"HU","low",2042,1.77556153256399,1.72146316936756,1.81377508149136,10,0
"HU","low",2043,1.77929334147307,1.72377330793007,1.80472484804753,10,0
"HU","low",2044,1.78156221848107,1.74493184179976,1.80756189243912,10,0
"HU","low",2045,1.7872217044159,1.7372903093792,1.80993024050986,10,0
"HU","low",2046,1.79880160074149,1.72462383924124,1.81362825541486,10,0
"HU","low",2047,1.79082404966045,1.72979886358221,1.82189504204923,10,0
"HU","low",2048,1.79494915796408,1.73390282043054,1.83325644611297,10,0
"HU","low",2049,1.79711265804783,1.74155536861348,1.83669406056032,10,0
"HU","low",2050,1.79543730345528,1.72562761246184,1.85640423449552,10,0
"HU","low",2051,1.80365999710136,1.72670161176608,1.85157355312699,10,0
"HU","low",2052,1.80828406694613,1.74566060372464,1.86718633588879,10,0
"HU","low",2053,1.81219126642313,1.74095337162071,1.88341477661303,10,1
"HU","low",2054,1.81753255161763,1.75388335408893,1.89719513206325,10,1
"HU","low",2055,1.8191176837833,1.76670176962689,1.89443322196497,10,1
"HU","low",2056,1.82863942056412,1.77379969215328,1.89123495039066,10,1
"HU","low",2057,1.82941005130772,1.76577214590903,1.90221017997062,10,1
"HU","low",2058,1.83910186731718,1.77698520638373,1.90153207296831,10,1
"HU","low",2059,1.84246501685609,1.74930487107848,1.90293353303056,10,1
"HU","low",2060,1.84358941696031,1.74719330747515,1.89912001376571,10,1
"HU","low",2061,1.85516402711511,1.7550106151712,1.8906772580528,10,1
"HU","low",2062,1.86564378169015,1.78240286406421,1.89216844539151,10,1
"HU","low",2063,1.87737015552838,1.784127530959,1.90662249724661,10,1
"HU","low",2064,1.87635271353755,1.80173949215185,1.91624603242394,10,1
"HU","low",2065,1.88044791471851,1.82052770881005,1.92923030887737,10,1
"HU","low",2066,1.88050551389907,1.82604836900172,1.94292990369321,10,1
"HU","low",2067,1.87241749176534,1.84112007398545,1.9572077111048,10,1
"HU","low",2068,1.89504526329833,1.83726520951039,1.94891709678949,10,1
"HU","low",2069,1.89254956447536,1.84237142801796,1.95529951235688,10,1
"HU","low",2070,1.90655430386174,1.84917582158397,1.95594164807238,10,1
"HU","low",2071,1.89163415732423,1.83897185095133,1.94376881644437,10,1
"HU","low",2072,1.8985744749564,1.86629656413607,1.95542041360498,10,1
"HU","low",2073,1.89770990925761,1.88343747467698,1.9616414292996,10,1
"HU","low",2074,1.90319038176718,1.87770365085285,1.95965691793842,10,1
"HU","low",2075,1.91070967318063,1.87371007340141,1.96044578347222,10,1
"HU","low",2076,1.91521699180722,1.86922493708577,1.96421931347933,10,1
"HU","low",2077,1.91255159588352,1.87572615089021,1.96862344965049,10,1
"HU","low",2078,1.92883915506617,1.8883125872046,1.97161201761373,10,1
"HU","low",2079,1.92070011110223,1.87491195250146,1.97347070804927,10,1
"HU","low",2080,1.91706638382348,1.87287757844491,1.97054993541437,10,1
"HU","low",2081,1.91973235104086,1.85908229162748,1.96556773274178,10,1
"HU","low",2082,1.92167066004321,1.86635866837889,1.95362774191206,10,1
"HU","low",2083,1.92981044858696,1.87279982593699,1.94979033893828,10,1
"HU","low",2084,1.91293721342037,1.86255886664139,1.95105451976035,10,1
"HU","low",2085,1.91325845561352,1.86379832163063,1.95174851240326,10,1
"HU","low",2086,1.90692257926901,1.87438277507165,1.95471841346675,10,1
"HU","low",2087,1.90921566417029,1.88048563801523,1.95255537522088,10,1
"HU","low",2088,1.91291530201536,1.86386726961893,1.96417144617418,10,1
"HU","low",2089,1.90826847203651,1.85927519491572,1.96368951251985,10,1
"HU","low",2090,1.90503268049869,1.8564616982668,1.97480421476529,10,1
"HU","low",2091,1.91055653764752,1.85219587390256,1.97325873794974,10,1
"HU","low",2092,1.92034919867206,1.86550936562331,1.98519390240381,10,1
"HU","low",2093,1.91756812630025,1.8524722373448,1.97817429384711,10,1
"HU","low",2094,1.91142728174583,1.85272321335373,1.98643864072297,10,1
"HU","low",2095,1.91354601669125,1.85408611598467,1.98781986743277,10,1
"HU","low",2096,1.91185317737491,1.85990645954926,1.99445218464725,10,1
"HU","low",2097,1.91595808686673,1.87583333953859,2.01273132015577,10,1
"HU","low",2098,1.91400950307143,1.85714821175818,2.01418514855225,10,1
"MS","high",2026,1.914517337674,1.88428048591986,1.95466257530161,11,0
"MS","high",2027,1.89242434061649,1.8549471335878,1.93456543939177,11,0
"MS","high",2028,1.88461395804398,1.85537136780816,1.92089861032598,11,0
"MS","high",2029,1.90599543771361,1.85978293721942,1.93077027441696,11,0
"MS","high",2030,1.90673704183579,1.86010858548516,1.93580187551661,11,0
"MS","high",2031,1.89779222118916,1.87042534133389,1.92749718420309,11,0
"MS","high",2032,1.89041830023725,1.86153372600568,1.9351959600659,11,0
"MS","high",2033,1.89283458739219,1.8449213574133,1.94773809803619,11,0
"MS","high",2034,1.90432217234636,1.8509864304262,1.94937779579597,11,0
"MS","high",2035,1.90478858188516,1.86666971598808,1.95365199815425,11,0
"MS","high",2036,1.89351046818121,1.86196194504828,1.95490185474287,11,0
"MS","high",2037,1.89352702038179,1.86450469501243,1.95814751951762,11,0
"MS","high",2038,1.9099135382376,1.86121467587749,1.97279210274917,11,0
"MS","high",2039,1.92821054708199,1.87279182239299,1.99079402971913,11,0
"MS","high",2040,1.93764541336745,1.87684798277224,2.00130830732195,11,0
"MS","high",2041,1.94111669690214,1.87774006157553,2.0070285701618,11,0
"MS","high",2042,1.93584952138178,1.88116294266019,2.00987385120453,11,0
"MS","high",2043,1.94556673009543,1.89033477712316,2.01476174118606,11,0
"MS","high",2044,1.94860310113757,1.90352072616238,2.01679986518442,11,0
"MS","high",2045,1.95060032952629,1.88423438313395,2.02256207602128,11,0
"MS","high",2046,1.95789418814925,1.89380868439821,2.03349137795753,11,0
"MS","high",2047,1.95604969462143,1.8944525379753,2.03252860437154,11,0
"MS","high",2048,1.96821421951073,1.89600596342567,2.03090204328339,11,0
"MS","high",2049,1.96815007382836,1.90929745774265,2.04015808155695,11,0
"MS","high",2050,1.96440147281935,1.92362263496889,2.04206679197322,11,0
"MS","high",2051,1.96767946801397,1.93248596460663,2.01867522112529,11,0
"MS","high",2052,1.98253637560255,1.93713051952333,2.02596167841778,11,0
"MS","high",2053,1.99199684771789,1.94937483293107,2.05143834757989,11,0
"MS","high",2054,1.9972521729246,1.96390243210161,2.05231318690721,11,0
"MS","high",2055,1.99762399626543,1.96088508548916,2.05716023999676,11,0
"MS","high",2056,2.00897668622152,1.95867273645312,2.06722995068264,11,0
"MS","high",2057,2.01452985883831,1.96492492673092,2.06930192636448,11,0
"MS","high",2058,2.02076274262734,1.97921301386616,2.0807122150347,11,0
"MS","high",2059,2.03796390344109,1.98172887534714,2.07783973717155,11,0
"MS","high",2060,2.03870361788296,2.00029311001262,2.08159833556961,11,0
"MS","high",2061,2.04027987697487,1.9772741346699,2.09624141751486,11,0
"MS","high",2062,2.04216402328538,1.98350628491624,2.10150553144839,11,0
"MS","high",2063,2.03811948927287,1.9908425037742,2.10934514697439,11,0
"MS","high",2064,2.04737725942225,1.99792736507817,2.11789742371572,11,0
"MS","high",2065,2.06286456718693,2.00864184895129,2.11920558290791,11,0
"MS","high",2066,2.0777693534556,2.0106794930973,2.13906968382003,11,0
"MS","high",2067,2.08126078676065,2.02357695825989,2.13843201533937,11,0
"MS","high",2068,2.09469167818419,2.02828917907321,2.14227276565112,11,0
"MS","high",2069,2.10528817559703,2.02880340541231,2.14775389054733,11,0
"MS","high",2070,2.11704046717158,2.03365556353113,2.15449544519722,11,0
"MS","high",2071,2.12323661733953,2.04670061930974,2.17038301892101,11,0
"MS","high",2072,2.12554227327252,2.04623804047082,2.17738632518853,11,0
"MS","high",2073,2.12962870334226,2.05408492097623,2.18538801392004,11,0
"MS","high",2074,2.13035519819473,2.06277015698774,2.19206114002496,11,0
"MS","high",2075,2.13228465748795,2.07451555812271,2.18792129434333,11,0
"MS","high",2076,2.125320940625,2.07533152885536,2.2167330092962,11,0
"MS","high",2077,2.11975837587489,2.08993234684968,2.23450905833707,11,0
"MS","high",2078,2.14720073162746,2.1044107243078,2.24060619188898,11,0
"MS","high",2079,2.14904549579924,2.10982739621978,2.24064896324411,11,0
"MS","high",2080,2.15590790372655,2.11872918526942,2.2437576467593,11,0
"MS","high",2081,2.14660632499975,2.12983142881972,2.25558095823031,11,0
"MS","high",2082,2.15854530392382,2.12701236461376,2.25429562428507,11,0
"MS","high",2083,2.16163947782397,2.12638887046042,2.25162475002444,11,0
"MS","high",2084,2.16056876571576,2.13130919963337,2.24409534364154,11,0
"MS","high",2085,2.17438394023756,2.12734169980873,2.2313216442169,11,0
"MS","high",2086,2.17272034769447,2.1340545943487,2.22063537429017,11,0
"MS","high",2087,2.18019991814822,2.13253927468324,2.20915878409048,11,0
"MS","high",2088,2.17942340707711,2.13246177309478,2.21869058604003,11,0
"MS","high",2089,2.1927086058749,2.12956119385037,2.21971866497267,11,0
"MS","high",2090,2.19685066575749,2.14163409945169,2.22681643593094,11,0
"MS","high",2091,2.20142285488158,2.12322785080409,2.22610109557837,11,0
"MS","high",2092,2.20133879367429,2.12185298633013,2.22923789106101,11,0
"MS","high",2093,2.21168958203016,2.12432007611471,2.24318920901129,11,0
"MS","high",2094,2.20048279566345,2.13577075996891,2.23610993454651,11,0
"MS","high",2095,2.19420470556968,2.13530435455636,2.22828830951922,11,0
"MS","high",2096,2.20252658258284,2.13564577963559,2.2318893913784,11,0
"MS","high",2097,2.19037069958425,2.1413227787594,2.22759521786987,11,0
"MS","high",2098,2.20959537939966,2.13591935235712,2.24222003882528,11,0
"MS","low",2026,1.93015681695392,1.88358439474501,1.96460610480347,10,0
"MS","low",2027,1.91437752945437,1.84906568650826,1.94927595480379,10,0
"MS","low",2028,1.9115028837227,1.83646405036302,1.94556098387317,10,0
"MS","low",2029,1.90973011710546,1.85471373872287,1.94708016100098,10,0
"MS","low",2030,1.89609086029294,1.84497222044575,1.94266940920742,10,0
"MS","low",2031,1.87728928368754,1.85003528107159,1.92932801059028,10,0
"MS","low",2032,1.88563616060435,1.85389555961866,1.93550928514198,10,0
"MS","low",2033,1.87527286210377,1.84854730098615,1.92987798023351,10,0
"MS","low",2034,1.88652074639567,1.84621918799756,1.9406322987866,10,0
"MS","low",2035,1.88164458697075,1.83855076919693,1.93521820075091,10,0
"MS","low",2036,1.89170638589691,1.84655942882261,1.93387184570574,10,0
"MS","low",2037,1.88690180207935,1.84597351042106,1.94248624022534,10,0
"MS","low",2038,1.88510508462275,1.84661231708803,1.93629713504829,10,0
"MS","low",2039,1.89377657131351,1.85643674004673,1.93705815467231,10,0
"MS","low",2040,1.90015909444587,1.84899695522656,1.934293104213,10,0
"MS","low",2041,1.88770233021843,1.84610860806187,1.91922732977701,10,0
"MS","low",2042,1.89282522460408,1.84056159960422,1.93200018221975,10,0
"MS","low",2043,1.89514810021512,1.83639991910522,1.92095865144678,10,0
"MS","low",2044,1.8952467268505,1.85816193151772,1.92051431949332,10,0
"MS","low",2045,1.8977309815416,1.84933671792235,1.92038134185536,10,0
"MS","low",2046,1.90616168443781,1.83567635310297,1.92231428627839,10,0
"MS","low",2047,1.89633130553313,1.83826532789412,1.93031860581341,10,0
"MS","low",2048,1.89897342954066,1.84182834587328,1.93889517396227,10,0
"MS","low",2049,1.89927761045307,1.84618521262687,1.9319230597168,10,0
"MS","low",2050,1.89558016313695,1.82731938582338,1.94836321602001,10,0
"MS","low",2051,1.90139488190069,1.82163808633683,1.95027384627127,10,0
"MS","low",2052,1.90447516322862,1.83992139403143,1.9642759998297,10,0
"MS","low",2053,1.90620356245538,1.8338878072164,1.97810998414126,10,0
"MS","low",2054,1.91001520390864,1.84512677611103,1.98950790234412,10,0
"MS","low",2055,1.91053272237033,1.85670030064214,1.9851896551379,10,0
"MS","low",2056,1.91272371812288,1.86135722923686,1.98154224970328,10,0
"MS","low",2057,1.9095334354299,1.85783007409962,1.99124024002064,10,0
"MS","low",2058,1.92424062521372,1.86651927464951,1.98870120873866,10,0
"MS","low",2059,1.92683121536177,1.83534247235209,1.98910038308584,10,0
"MS","low",2060,1.92617097724864,1.83138156588318,1.98458647893764,10,0
"MS","low",2061,1.93564053168207,1.83691269587013,1.97561550267452,10,0
"MS","low",2062,1.94531403977646,1.86084902616283,1.97537736576406,10,0
"MS","low",2063,1.95097462151675,1.86136399894743,1.98731193818122,10,0
"MS","low",2064,1.95206709210007,1.87810553418006,1.9952914920306,10,0
"MS","low",2065,1.952685543267,1.89498415165933,2.00664001058161,10,0
"MS","low",2066,1.9591351715978,1.89811493671036,2.01822949891665,10,0
"MS","low",2067,1.95212804061008,1.91140730681238,2.03052743147808,10,0
"MS","low",2068,1.97224702840049,1.90710016633602,2.02325599130763,10,0
"MS","low",2069,1.96873429348831,1.91312318736403,2.02905056619925,10,0
"MS","low",2070,1.98162936664364,1.91741292371802,2.02833162187352,10,0
"MS","low",2071,1.96738045496927,1.90834773806902,2.0155550245007,10,0
"MS","low",2072,1.97305242454719,1.92904123792034,2.02620264301895,10,0
"MS","low",2073,1.96973132418551,1.94367059243576,2.030538956185,10,0
"MS","low",2074,1.96901062054326,1.93900796429894,2.02450094544589,10,0
"MS","low",2075,1.97710667878566,1.94041351073575,2.02614671230198,10,0
"MS","low",2076,1.98122117724738,1.93879729081041,2.03186636887228,10,0
"MS","low",2077,1.9780639773342,1.94034031316939,2.03269099682293,10,0
"MS","low",2078,1.99301721653475,1.95225576765101,2.03724996467114,10,0
"MS","low",2079,1.9934448021522,1.94407919414936,2.03738791730834,10,0
"MS","low",2080,1.99658200829769,1.94911008824353,2.04557427952817,10,0
"MS","low",2081,2.00082715272509,1.94429125891443,2.03902853296853,10,0
"MS","low",2082,2.00083467417175,1.95057523173284,2.02844906322371,10,0
"MS","low",2083,2.00878799096159,1.94667791096262,2.02588860246884,10,0
"MS","low",2084,1.99269567737165,1.94791418848684,2.02452197190116,10,0
"MS","low",2085,1.99300890474101,1.9494662619917,2.0277452460507,10,0
"MS","low",2086,1.98618817202113,1.9468930131948,2.028292801933,10,0
"MS","low",2087,1.98851636947303,1.95115686859236,2.02695880258813,10,0
"MS","low",2088,1.98777871228101,1.94840677269638,2.03676351645373,10,0
"MS","low",2089,1.98339061747537,1.94451029328103,2.04181063995425,10,0
"MS","low",2090,1.982065458734,1.94184123780214,2.05256115542189,10,0
"MS","low",2091,1.98559931999224,1.93851120499614,2.0510186448548,10,0
"MS","low",2092,1.99632107944352,1.95028350271281,2.06252496588807,10,0
"MS","low",2093,1.99051088157015,1.93805467182193,2.05413006162188,10,0
"MS","low",2094,1.98549599407248,1.93866831990985,2.06316540076049,10,0
"MS","low",2095,1.98747720425176,1.94048160332676,2.06476287588728,10,0
"MS","low",2096,1.98557520450193,1.94499955124249,2.07191040407657,10,0
"MS","low",2097,1.98775469031448,1.95278491331137,2.08996058131977,10,0
"MS","low",2098,1.99062153390374,1.9440988037761,2.09246666480631,10,0
